id_murid,id_tutor,tanggal,durasi,feedback
M0947,T0899,2025-09-10 07:20,90,5
M0045,T0663,2025-09-21 05:50,120,4
M0767,T0269,2025-11-25 23:01,90,1
M0348,T0169,2025-11-16 18:35,90,2
M0396,T0895,2025-09-08 11:23,180,4
M0429,T0630,2025-11-03 05:22,60,3
M0984,T0761,2025-09-15 02:16,45,2
M0336,T0371,2025-08-06 06:20,90,2
M0441,T0942,2025-11-22 19:03,180,1
M0066,T0475,2025-11-05 12:36,45,1
M0111,T0469,2025-07-05 01:01,60,3
M0542,T0283,2025-08-23 16:26,90,1
M0884,T0280,2025-09-20 00:09,180,2
M0434,T0105,2025-08-10 07:10,90,3
M0507,T0771,2025-09-21 06:19,90,1
M0922,T0448,2025-07-15 20:36,30,1
M0824,T0283,2025-12-01 06:00,30,4
M0131,T0159,2025-11-17 05:49,120,1
M0011,T0922,2025-11-26 20:17,60,1
M0632,T0358,2025-11-28 19:56,90,2
M0415,T0875,2025-12-14 15:38,90,3
M0827,T0885,2025-10-01 00:25,120,4
M0406,T0201,2025-07-30 08:10,120,2
M0947,T0931,2025-08-22 02:18,45,1
M0706,T0046,2025-09-05 09:27,180,5
M0896,T0375,2025-07-18 02:24,120,1
M0442,T0550,2025-09-06 12:09,60,3
M0326,T0591,2025-09-15 12:02,90,3
M0345,T0337,2025-07-05 05:34,90,3
M0127,T0544,2025-07-22 08:15,90,4
M0465,T0119,2025-10-16 14:36,120,3
M0590,T0756,2025-10-21 19:43,45,1
M0343,T0656,2025-09-05 21:24,45,5
M0297,T0094,2025-08-08 14:09,60,4
M0755,T0567,2025-09-06 20:46,90,1
M0102,T0610,2025-09-12 14:02,45,1
M0431,T0843,2025-08-15 18:44,120,3
M0195,T0080,2025-08-01 01:31,180,2
M0261,T0056,2025-10-19 22:51,120,3
M0599,T0681,2025-12-10 14:55,120,1
M0570,T0767,2025-11-09 14:05,180,4
M0571,T0078,2025-08-13 15:08,180,3
M0678,T0083,2025-10-11 19:28,180,5
M0788,T0898,2025-12-11 19:26,120,1
M0031,T0625,2025-07-21 15:48,45,4
M0124,T0431,2025-11-05 02:33,30,4
M0592,T0654,2025-10-01 07:31,60,5
M0335,T0870,2025-07-01 05:50,120,2
M0983,T0533,2025-11-19 13:07,30,3
M0377,T0909,2025-12-27 14:50,60,3
M0688,T0544,2025-10-08 22:41,45,3
M0901,T0637,2025-08-19 20:29,180,5
M0801,T0419,2025-07-01 07:44,90,3
M0394,T0707,2025-12-30 10:41,45,3
M0822,T0898,2025-08-03 21:28,180,1
M0853,T0850,2025-08-12 18:58,120,2
M0512,T0672,2025-08-04 12:50,60,5
M0556,T0523,2025-08-30 21:44,30,5
M0437,T0579,2025-10-19 15:41,45,4
M0313,T0422,2025-09-30 14:25,45,5
M0896,T0116,2025-08-22 15:23,90,1
M0591,T0306,2025-08-23 10:10,180,2
M0777,T0199,2025-07-26 16:05,120,4
M0360,T0065,2025-11-29 22:58,45,4
M0564,T0327,2025-08-18 16:33,120,3
M0558,T0933,2025-12-23 02:48,45,5
M0289,T0906,2025-09-30 10:20,60,2
M0718,T0734,2025-07-09 03:05,90,2
M0151,T0874,2025-09-28 15:42,30,3
M0117,T0052,2025-09-13 23:31,30,2
M0758,T0337,2025-12-19 23:46,120,2
M0805,T0907,2025-07-03 11:15,45,1
M0843,T0295,2025-10-05 18:24,30,4
M0752,T0405,2025-11-09 05:09,120,4
M0714,T0239,2025-08-18 13:10,45,5
M0220,T0110,2025-12-08 11:19,45,2
M0641,T0911,2025-12-17 12:52,180,4
M0828,T0838,2025-07-16 09:34,120,5
M0447,T0911,2025-07-01 06:08,30,5
M0567,T0780,2025-07-08 14:51,180,5
M0365,T0319,2025-09-29 20:26,120,1
M0384,T0385,2025-11-02 00:25,60,3
M0158,T0256,2025-07-13 01:05,180,4
M0353,T0182,2025-09-23 22:15,90,1
M0072,T0857,2025-07-04 09:50,45,1
M0574,T0739,2025-07-12 16:32,45,1
M0421,T0423,2025-11-12 20:53,120,4
M0657,T0504,2025-11-25 08:36,120,4
M0244,T0018,2025-08-04 05:34,45,1
M0989,T0577,2025-07-28 00:49,180,1
M0391,T0272,2025-10-06 01:33,180,5
M0854,T0865,2025-11-05 21:07,180,5
M0417,T0595,2025-10-29 04:25,60,5
M0405,T0553,2025-09-06 18:04,180,5
M0762,T0369,2025-07-05 11:38,90,5
M0394,T0199,2025-10-07 13:42,45,5
M0230,T0013,2025-09-14 13:29,45,3
M0436,T0342,2025-09-19 22:25,180,5
M0651,T0413,2025-07-07 11:12,60,1
M0061,T0441,2025-07-04 14:18,45,4
M0704,T0332,2025-10-17 16:41,45,2
M0134,T0750,2025-09-17 17:52,180,4
M0486,T0885,2025-07-09 04:12,90,4
M0275,T0373,2025-08-26 14:39,30,3
M0625,T0948,2025-08-14 06:53,45,4
M0288,T0985,2025-11-14 14:25,30,2
M0927,T0280,2025-11-28 13:25,120,1
M0579,T0191,2025-12-30 13:57,30,5
M0266,T0979,2025-10-23 16:02,30,5
M0486,T0545,2025-07-17 10:05,60,2
M0667,T0497,2025-11-01 21:36,90,5
M0487,T0105,2025-08-27 14:44,180,4
M0508,T0332,2025-12-25 13:47,30,5
M0971,T0829,2025-11-29 17:39,45,3
M0452,T0592,2025-07-17 17:13,45,4
M0407,T0976,2025-11-12 12:48,90,1
M0350,T0550,2025-07-24 21:41,90,1
M0800,T0575,2025-11-27 11:42,60,5
M0583,T0096,2025-11-27 19:19,120,3
M0363,T0564,2025-12-13 21:21,180,4
M0104,T0607,2025-08-03 10:49,30,5
M0200,T0932,2025-09-15 20:24,120,4
M0654,T0820,2025-07-25 13:54,30,2
M0613,T0534,2025-09-20 16:23,30,3
M0859,T0778,2025-11-24 16:06,180,4
M0836,T0712,2025-09-03 06:20,90,5
M0469,T0785,2025-11-04 07:46,120,2
M0227,T0561,2025-10-02 08:01,60,5
M0622,T0567,2025-07-22 07:35,90,2
M0220,T0693,2025-11-23 00:04,120,2
M0626,T0714,2025-12-14 20:59,120,2
M0001,T0732,2025-12-18 12:28,60,3
M0803,T0079,2025-12-24 16:15,120,1
M0109,T0413,2025-07-16 09:58,180,5
M0075,T0337,2025-10-11 04:40,60,3
M0447,T0685,2025-09-09 02:22,45,2
M0759,T0675,2025-12-04 17:19,180,4
M0983,T0304,2025-10-21 09:54,180,5
M0486,T0097,2025-09-09 15:23,45,2
M0660,T0128,2025-08-28 19:06,180,4
M0927,T0829,2025-11-21 18:50,30,4
M0487,T0344,2025-10-11 21:25,60,4
M0636,T0486,2025-11-26 07:31,60,1
M0656,T0771,2025-10-22 10:42,120,5
M0897,T0761,2025-09-24 12:30,180,5
M0488,T0781,2025-07-31 10:53,60,5
M0371,T0851,2025-10-24 06:46,60,4
M0654,T0465,2025-12-22 22:23,45,2
M0825,T0746,2025-12-23 05:58,45,3
M0136,T0181,2025-07-25 06:42,180,4
M0104,T0397,2025-10-19 04:15,120,2
M0927,T0811,2025-07-09 21:46,90,5
M0540,T0866,2025-07-16 16:48,60,1
M0822,T0204,2025-08-31 00:31,60,4
M0347,T0325,2025-08-25 13:43,45,5
M0268,T0763,2025-08-15 06:40,30,2
M0700,T0076,2025-08-21 00:04,90,5
M0933,T0502,2025-08-18 21:55,180,5
M0495,T0298,2025-09-18 20:42,120,2
M0851,T0299,2025-10-28 18:02,90,5
M0551,T0892,2025-09-07 08:14,60,3
M0960,T0426,2025-09-13 00:25,180,4
M0473,T0212,2025-10-25 00:29,45,2
M0338,T0623,2025-11-02 12:47,45,1
M0652,T0604,2025-12-21 09:18,30,3
M0012,T0150,2025-07-30 15:48,45,4
M0646,T0659,2025-12-21 17:35,45,4
M0650,T0145,2025-08-19 03:26,60,5
M0612,T0045,2025-12-02 07:18,30,4
M0406,T0295,2025-10-29 03:13,120,4
M0118,T0122,2025-08-16 15:07,60,4
M0969,T0330,2025-11-19 15:20,45,2
M0608,T0103,2025-09-09 05:21,180,2
M0230,T0707,2025-08-01 20:03,30,3
M0458,T0771,2025-12-18 07:50,120,4
M0537,T0985,2025-09-12 07:20,120,5
M0719,T0967,2025-09-30 10:09,30,4
M0167,T0439,2025-09-21 17:21,180,1
M0199,T0501,2025-09-03 23:07,180,2
M0690,T0305,2025-09-08 01:29,120,3
M0493,T0436,2025-07-25 23:44,90,3
M0859,T0762,2025-10-18 00:53,180,3
M0339,T0656,2025-07-29 05:53,45,3
M0976,T0184,2025-07-07 14:17,180,2
M0328,T0656,2025-11-26 06:40,180,3
M0656,T0466,2025-08-27 15:23,90,1
M0667,T0228,2025-07-27 19:26,60,3
M0178,T0702,2025-12-16 20:15,180,1
M0020,T0616,2025-11-12 07:45,30,5
M0813,T0512,2025-11-26 07:06,90,2
M0620,T0429,2025-10-10 15:27,45,5
M0069,T0640,2025-12-09 08:20,90,4
M0431,T0144,2025-08-02 08:21,120,1
M0117,T0897,2025-09-07 05:54,60,5
M0661,T0243,2025-12-02 08:05,45,2
M0479,T0576,2025-08-19 01:25,120,2
M0959,T0260,2025-08-30 07:14,60,3
M0646,T0083,2025-11-05 20:29,60,3
M0831,T0193,2025-10-02 16:39,30,3
M0199,T0281,2025-07-30 19:24,30,3
M0316,T0392,2025-08-18 03:36,180,3
M0407,T0645,2025-10-31 16:20,60,3
M0551,T0154,2025-08-21 14:26,60,2
M0846,T0301,2025-08-30 02:19,90,2
M0276,T0402,2025-10-30 22:35,180,1
M0291,T0279,2025-07-06 04:44,45,4
M0886,T0595,2025-11-28 02:28,30,4
M0046,T0042,2025-07-29 17:06,45,2
M0042,T0660,2025-12-27 19:21,120,4
M0407,T0724,2025-12-08 11:26,180,4
M0925,T0757,2025-07-18 04:23,30,2
M0752,T0974,2025-07-27 15:46,180,1
M0037,T0342,2025-10-24 12:44,90,3
M0194,T0573,2025-07-04 10:19,30,1
M0106,T0513,2025-10-20 06:33,180,1
M0418,T0917,2025-08-27 00:12,180,3
M0496,T0231,2025-11-25 03:47,60,1
M0089,T0195,2025-09-18 07:36,45,2
M0178,T0441,2025-09-20 08:08,120,1
M0632,T0506,2025-07-01 09:04,180,1
M0900,T0146,2025-07-29 16:33,90,3
M0135,T0948,2025-10-07 00:41,180,5
M0503,T0488,2025-08-16 17:08,180,1
M0731,T0815,2025-11-25 00:39,60,5
M0737,T0942,2025-12-21 11:19,60,5
M0204,T0817,2025-11-12 23:40,120,1
M0352,T0627,2025-09-01 23:38,120,4
M0158,T0001,2025-10-18 16:30,90,4
M0980,T0121,2025-08-10 19:23,60,1
M0891,T0755,2025-10-14 23:44,120,4
M0243,T0116,2025-08-27 22:03,120,2
M0869,T0069,2025-10-25 13:39,60,3
M0189,T0281,2025-07-03 16:09,180,5
M0211,T0224,2025-10-24 17:49,30,2
M0630,T0988,2025-07-15 01:18,120,2
M0526,T0839,2025-08-05 11:13,45,2
M0812,T0084,2025-10-27 21:57,60,2
M0919,T0036,2025-08-20 21:31,30,3
M0894,T0786,2025-12-09 17:32,180,2
M0730,T0095,2025-10-02 23:03,120,2
M0023,T0956,2025-10-07 07:36,180,3
M0375,T0805,2025-08-04 06:51,180,5
M0976,T0085,2025-10-24 00:06,45,2
M0613,T0628,2025-07-11 17:32,90,3
M0642,T0687,2025-11-16 13:19,30,4
M0904,T0649,2025-09-28 02:55,60,1
M0765,T0421,2025-09-22 10:46,180,4
M0992,T0668,2025-09-26 06:56,60,2
M0283,T0948,2025-08-30 16:51,180,1
M0130,T0264,2025-12-19 01:17,120,5
M0039,T0438,2025-12-19 02:12,60,3
M0310,T0978,2025-08-22 14:08,180,2
M0547,T0515,2025-09-12 22:42,30,5
M0402,T0930,2025-10-03 14:36,120,1
M0466,T0624,2025-11-10 00:28,90,4
M0385,T0716,2025-12-10 16:42,60,1
M0651,T0808,2025-07-20 09:28,180,1
M0193,T0125,2025-08-19 16:29,30,3
M0315,T0348,2025-10-07 23:03,45,1
M0804,T0512,2025-08-02 01:31,45,5
M0614,T0792,2025-12-06 17:20,60,4
M0303,T0878,2025-11-23 13:31,30,2
M0658,T0401,2025-08-13 21:56,90,5
M0919,T0203,2025-12-28 06:10,90,1
M0408,T0173,2025-10-13 20:40,60,4
M0637,T0883,2025-08-17 10:27,180,1
M0907,T0248,2025-09-19 16:06,30,5
M0894,T0707,2025-09-12 19:51,60,2
M0756,T0466,2025-07-28 10:37,120,5
M0156,T0494,2025-07-14 01:32,180,2
M0856,T0930,2025-10-14 10:19,30,3
M0522,T0718,2025-07-22 16:08,180,4
M0556,T0999,2025-09-04 17:55,30,4
M0778,T0279,2025-12-22 08:45,90,1
M0328,T0709,2025-11-06 00:29,45,4
M0691,T0921,2025-10-15 16:02,90,4
M0065,T0056,2025-11-10 20:44,60,1
M0851,T0806,2025-07-31 14:43,60,4
M0398,T0562,2025-07-03 23:38,120,1
M0507,T0542,2025-11-09 11:00,45,5
M0584,T0077,2025-09-18 10:09,30,1
M0544,T0446,2025-11-26 14:39,60,5
M0789,T0739,2025-08-06 14:12,60,4
M0352,T0575,2025-11-24 16:11,60,1
M0615,T0327,2025-11-09 14:59,180,5
M0152,T0707,2025-10-29 17:12,60,2
M0656,T0879,2025-07-05 09:02,90,4
M0215,T0214,2025-12-24 02:22,180,1
M0120,T0871,2025-10-29 08:50,180,4
M0678,T0634,2025-08-18 18:17,180,5
M0273,T0076,2025-09-28 23:59,60,1
M0881,T0082,2025-07-29 22:11,90,5
M0995,T0102,2025-12-28 00:25,60,3
M0330,T0764,2025-10-12 05:31,45,4
M0822,T0242,2025-07-08 16:14,45,5
M0212,T0382,2025-11-18 14:21,30,3
M0291,T0132,2025-08-29 16:25,30,1
M0584,T0691,2025-10-21 11:39,45,4
M0087,T0271,2025-10-30 17:32,60,4
M0518,T0673,2025-10-05 08:14,90,2
M0862,T0435,2025-12-23 02:18,30,1
M0773,T0046,2025-12-22 11:37,120,3
M0340,T0759,2025-11-08 11:30,120,2
M0208,T0170,2025-07-10 15:10,180,3
M0795,T0342,2025-11-06 16:31,45,4
M0765,T0014,2025-12-15 13:42,45,1
M0027,T0779,2025-11-08 06:49,60,2
M0743,T0958,2025-10-25 12:20,180,2
M0735,T0322,2025-12-11 13:47,90,4
M0204,T0818,2025-10-29 03:22,30,4
M0487,T0367,2025-08-16 13:46,45,4
M0332,T0992,2025-10-11 02:19,180,2
M0576,T0207,2025-12-17 23:55,45,4
M0974,T0513,2025-07-18 16:57,30,4
M0946,T0759,2025-09-01 16:20,90,3
M0415,T0549,2025-12-07 09:54,180,3
M0093,T0992,2025-11-29 22:06,90,2
M0639,T0244,2025-12-05 12:31,180,2
M0043,T0394,2025-09-02 21:00,90,1
M0613,T0184,2025-08-26 17:42,90,1
M0479,T0148,2025-09-13 18:48,120,2
M0838,T0952,2025-12-23 19:29,90,2
M0464,T0414,2025-11-16 18:51,60,3
M0229,T0047,2025-10-25 20:31,45,5
M0820,T0736,2025-11-18 13:53,120,4
M0553,T0590,2025-07-15 18:17,60,5
M0865,T0478,2025-11-08 07:10,90,4
M0202,T0188,2025-08-02 13:20,30,3
M0567,T0879,2025-10-25 14:29,120,3
M0486,T0567,2025-12-15 10:36,120,1
M0437,T0138,2025-09-26 20:55,45,3
M0972,T0172,2025-08-09 02:01,45,2
M0634,T0713,2025-12-01 04:24,180,5
M0779,T0060,2025-11-18 06:00,180,4
M0737,T0050,2025-08-29 20:24,180,5
M0912,T0530,2025-12-14 09:45,60,4
M0330,T0851,2025-12-07 09:24,30,2
M0462,T0430,2025-09-19 20:27,90,5
M0990,T0502,2025-11-30 14:57,120,2
M0176,T0651,2025-12-01 06:54,180,1
M0321,T0872,2025-12-25 13:40,30,4
M0306,T0482,2025-12-09 21:08,120,4
M0387,T0288,2025-12-01 01:23,90,5
M0046,T0960,2025-08-15 23:33,120,2
M0490,T0301,2025-11-29 17:41,120,5
M0320,T0739,2025-10-20 17:02,120,5
M0495,T0970,2025-10-27 19:28,45,5
M0129,T0555,2025-07-04 19:35,45,5
M0269,T0911,2025-11-08 22:01,30,2
M0235,T0319,2025-12-10 10:22,120,4
M0681,T0095,2025-11-06 21:17,45,5
M0429,T0519,2025-09-29 10:07,30,5
M0233,T0876,2025-07-15 13:34,90,5
M0152,T0567,2025-09-01 06:13,30,2
M0078,T0226,2025-08-14 06:49,30,1
M0589,T0383,2025-11-24 00:32,30,3
M0678,T0944,2025-07-05 17:01,60,5
M0196,T0557,2025-10-03 12:43,120,2
M0154,T0844,2025-08-31 19:19,30,4
M0347,T0024,2025-10-02 04:46,60,5
M0100,T0669,2025-11-27 05:59,180,4
M0074,T0445,2025-10-30 11:26,120,1
M0591,T0924,2025-12-25 04:14,30,4
M0864,T0166,2025-12-09 01:14,45,5
M0427,T0440,2025-11-26 01:06,90,3
M0287,T0990,2025-07-15 09:20,180,5
M0961,T0944,2025-08-29 03:52,60,1
M0611,T0527,2025-12-02 01:47,90,4
M0372,T0728,2025-12-19 18:38,60,4
M0231,T0649,2025-08-15 18:07,60,2
M0112,T0900,2025-09-04 11:05,90,1
M0664,T0714,2025-11-16 19:27,180,4
M0138,T0253,2025-10-10 11:15,30,3
M0872,T0306,2025-07-07 01:56,120,3
M0622,T0791,2025-11-04 16:07,120,2
M0531,T0438,2025-08-14 05:35,45,2
M0501,T0481,2025-08-18 15:50,30,1
M0706,T0249,2025-08-20 06:27,90,2
M0221,T0565,2025-09-14 07:27,180,1
M0316,T0993,2025-09-04 05:58,90,3
M0133,T0524,2025-12-03 16:57,180,3
M0889,T0687,2025-11-28 23:10,180,2
M0493,T0026,2025-11-15 18:46,120,3
M0889,T0717,2025-12-17 22:04,45,5
M0845,T0899,2025-07-05 01:20,90,3
M0080,T0401,2025-11-17 13:07,45,2
M0821,T0692,2025-08-11 21:03,30,5
M0034,T0938,2025-08-24 09:24,90,2
M0166,T0284,2025-12-01 16:57,45,3
M0318,T0264,2025-12-28 07:48,90,3
M0585,T0938,2025-08-10 23:14,90,3
M0382,T0305,2025-08-14 17:03,120,5
M0176,T0693,2025-09-24 02:52,45,5
M0942,T0445,2025-07-30 14:59,30,1
M0132,T0123,2025-11-08 21:51,30,1
M0943,T0194,2025-08-30 19:10,60,4
M0103,T0487,2025-10-14 05:17,60,5
M0625,T0894,2025-09-26 16:42,180,5
M0647,T0606,2025-09-09 15:57,45,4
M0759,T0765,2025-11-09 08:24,30,1
M0557,T0163,2025-11-30 07:55,90,1
M0136,T0505,2025-11-30 21:22,30,1
M0389,T0243,2025-11-13 19:24,45,3
M0827,T0682,2025-11-09 19:03,90,3
M0006,T0134,2025-08-26 06:14,120,1
M0546,T0972,2025-11-22 07:07,30,1
M0933,T0557,2025-10-08 14:01,45,1
M0653,T0284,2025-07-29 05:50,45,5
M0231,T0405,2025-12-13 10:10,120,3
M0369,T0542,2025-10-20 21:22,180,5
M0044,T0666,2025-09-14 00:10,90,1
M0251,T0251,2025-09-26 01:17,60,5
M0956,T0358,2025-09-14 15:20,180,5
M0883,T0618,2025-08-16 17:25,60,5
M0891,T0049,2025-08-31 09:58,60,4
M0108,T0190,2025-09-26 10:36,120,1
M0790,T0974,2025-07-01 21:43,180,4
M0235,T0348,2025-12-09 19:41,90,1
M0252,T0745,2025-09-20 19:39,45,1
M0160,T0761,2025-12-23 19:17,30,1
M0257,T0422,2025-09-22 11:41,45,2
M0715,T0125,2025-10-27 14:50,120,5
M0247,T0478,2025-07-20 10:27,180,1
M0668,T0009,2025-12-25 20:23,45,1
M0780,T0741,2025-09-12 23:27,120,3
M0853,T0537,2025-10-13 12:24,30,1
M0764,T0934,2025-12-11 03:40,30,1
M0951,T0250,2025-08-04 07:00,90,3
M0088,T0457,2025-10-22 17:30,45,5
M0619,T0815,2025-07-18 14:05,90,2
M0490,T0146,2025-09-11 20:27,30,4
M0638,T0719,2025-10-25 00:51,45,3
M0618,T0191,2025-12-15 03:11,120,2
M0914,T0602,2025-08-26 06:39,180,5
M0920,T0974,2025-09-12 02:57,45,1
M0313,T0428,2025-07-23 14:30,60,5
M0328,T0986,2025-07-15 05:01,45,4
M0176,T0378,2025-11-21 16:34,180,1
M0676,T0224,2025-08-06 20:05,45,4
M0512,T0443,2025-11-10 15:45,60,1
M0478,T0797,2025-11-25 01:45,30,1
M0269,T0533,2025-08-10 06:00,180,4
M0894,T0540,2025-07-08 20:40,60,4
M0896,T0828,2025-09-21 19:24,90,3
M0063,T0649,2025-07-24 19:45,180,1
M0409,T0007,2025-12-04 21:56,60,5
M0814,T0935,2025-12-26 15:51,45,2
M0835,T0361,2025-12-08 23:03,30,2
M0463,T0022,2025-07-30 00:26,45,2
M0126,T0197,2025-08-16 07:20,120,4
M0904,T0398,2025-10-29 00:59,90,2
M0912,T0085,2025-07-26 03:38,120,3
M0164,T0005,2025-08-04 22:00,60,3
M0801,T0944,2025-11-26 16:40,45,4
M0754,T0594,2025-10-23 10:44,60,3
M0914,T0771,2025-10-30 13:48,45,5
M0926,T0095,2025-12-08 03:53,120,1
M0872,T0186,2025-09-22 02:44,90,1
M0534,T0890,2025-08-17 13:54,120,1
M0364,T0415,2025-09-02 22:09,30,5
M0726,T0589,2025-08-21 15:24,60,5
M0641,T0676,2025-08-25 01:16,120,4
M0244,T0576,2025-11-21 19:40,45,5
M0304,T0292,2025-12-26 09:34,60,1
M0229,T0094,2025-12-14 01:04,120,2
M0310,T0703,2025-07-02 01:29,30,3
M0933,T0281,2025-12-12 07:13,60,1
M0779,T0298,2025-10-19 02:23,60,5
M0600,T0920,2025-07-07 06:25,45,3
M0935,T0183,2025-10-13 20:48,60,3
M0234,T0387,2025-11-04 06:17,45,5
M0490,T0869,2025-07-06 20:15,60,4
M0798,T0270,2025-12-16 06:19,30,5
M0955,T0220,2025-07-05 23:50,30,2
M0423,T0100,2025-09-05 16:12,30,2
M0765,T0154,2025-12-12 18:39,180,4
M0194,T0074,2025-10-18 02:57,90,1
M0719,T0909,2025-09-01 15:05,60,3
M0070,T0906,2025-07-07 10:19,120,1
M0505,T0229,2025-09-13 14:07,120,1
M0576,T0419,2025-11-13 23:13,120,2
M0540,T0086,2025-07-25 21:11,90,3
M0604,T0972,2025-12-06 08:10,60,2
M0943,T0196,2025-10-08 04:45,120,3
M0103,T0736,2025-11-19 05:43,60,1
M0445,T0991,2025-09-01 12:51,90,3
M0390,T0949,2025-10-24 22:43,120,4
M0436,T0319,2025-07-28 23:40,90,5
M0937,T0150,2025-11-30 22:21,120,1
M0887,T0615,2025-12-08 01:51,60,4
M0639,T0619,2025-11-04 16:31,60,5
M0996,T0640,2025-07-06 23:12,60,3
M0728,T0711,2025-07-25 00:59,45,1
M0956,T0600,2025-08-28 07:34,45,3
M0428,T0148,2025-08-17 15:16,30,5
M0388,T0383,2025-12-29 10:32,45,2
M0744,T0255,2025-10-31 21:41,30,2
M0714,T0558,2025-11-12 19:25,30,2
M0952,T0066,2025-09-15 17:12,180,2
M0163,T0033,2025-09-25 00:17,60,3
M0133,T0781,2025-10-05 01:12,90,1
M0234,T0280,2025-11-03 05:01,45,4
M0632,T0609,2025-08-21 08:05,90,3
M0171,T0805,2025-07-20 19:03,90,4
M0008,T0502,2025-11-27 20:40,45,2
M0039,T0306,2025-12-29 17:08,60,4
M0594,T0695,2025-10-27 21:15,60,5
M0878,T0731,2025-11-24 18:46,120,3
M0863,T0414,2025-07-07 19:50,120,4
M0404,T0984,2025-10-06 08:35,90,5
M0172,T0519,2025-08-10 01:35,30,5
M0224,T0746,2025-08-28 18:52,180,5
M0141,T0878,2025-10-18 02:58,180,1
M0795,T0765,2025-08-19 10:06,45,1
M0902,T0702,2025-10-29 08:21,60,4
M0711,T0325,2025-07-31 22:39,120,4
M0113,T0538,2025-09-16 03:43,90,4
M0852,T0847,2025-10-19 09:51,120,1
M0902,T0071,2025-09-16 01:23,120,1
M0249,T0097,2025-12-06 01:18,120,1
M0785,T0190,2025-07-02 22:12,120,3
M0648,T0729,2025-12-02 19:02,60,5
M0589,T0568,2025-11-16 09:08,45,3
M0608,T0084,2025-09-22 20:26,60,2
M0778,T0256,2025-12-20 12:52,90,2
M0843,T0632,2025-08-14 03:06,45,5
M0829,T0719,2025-11-10 13:25,30,4
M0897,T0963,2025-10-22 04:35,120,1
M0110,T0785,2025-07-14 02:35,180,1
M0199,T0641,2025-12-07 11:07,30,1
M0106,T0576,2025-07-29 19:04,90,3
M0005,T0654,2025-07-24 11:05,120,2
M0265,T0728,2025-10-10 05:01,45,4
M0613,T0062,2025-11-08 16:18,45,2
M0109,T0711,2025-07-31 17:39,60,5
M0154,T0255,2025-07-20 09:15,60,4
M0246,T0132,2025-12-26 10:49,90,4
M0068,T0694,2025-09-19 07:10,45,2
M0033,T0754,2025-09-14 22:55,60,1
M0664,T0802,2025-08-19 01:08,60,1
M0302,T0330,2025-07-12 11:38,45,4
M0233,T0552,2025-12-24 09:15,60,2
M0647,T0958,2025-09-11 04:59,90,4
M0469,T0671,2025-07-28 12:27,60,4
M0101,T0464,2025-11-15 03:01,180,5
M0121,T0750,2025-08-13 19:13,120,1
M0561,T0187,2025-08-30 19:57,90,5
M0419,T0232,2025-07-10 21:17,180,4
M0688,T0321,2025-09-13 15:10,30,5
M0395,T0876,2025-10-09 22:13,90,5
M0275,T0128,2025-11-04 22:31,45,4
M0508,T0392,2025-11-19 09:18,60,4
M0958,T0361,2025-12-04 23:20,90,5
M0440,T0240,2025-08-29 17:23,90,3
M0216,T0312,2025-11-29 13:09,120,1
M0667,T0594,2025-12-22 08:44,30,3
M0844,T0644,2025-08-31 10:12,120,4
M0962,T0419,2025-11-12 15:10,120,4
M0379,T0522,2025-09-16 11:45,45,3
M0229,T0241,2025-10-07 23:08,120,2
M0905,T0579,2025-07-21 03:51,30,4
M0220,T0080,2025-08-15 18:23,120,2
M0256,T0216,2025-07-14 00:50,30,5
M0874,T0634,2025-09-29 01:48,60,5
M0675,T0257,2025-08-26 07:31,90,3
M0171,T0256,2025-07-23 21:43,120,3
M0772,T0813,2025-09-24 05:47,180,3
M0094,T0187,2025-09-21 16:00,45,4
M0978,T0002,2025-07-27 02:39,90,3
M0018,T0560,2025-08-16 09:07,120,1
M0275,T0685,2025-07-23 04:49,45,2
M0716,T0527,2025-10-08 10:27,30,2
M0601,T0813,2025-09-18 08:21,90,5
M0609,T0940,2025-07-31 10:36,180,3
M0226,T0188,2025-08-23 20:06,30,2
M0327,T0897,2025-10-21 13:11,180,2
M0485,T0829,2025-08-03 13:14,90,2
M0214,T0533,2025-12-19 20:48,45,4
M0830,T0030,2025-10-14 13:50,45,4
M0506,T0161,2025-08-15 05:54,120,3
M0172,T0219,2025-07-08 05:39,30,3
M0620,T0637,2025-10-03 01:22,180,3
M0786,T0334,2025-12-13 14:23,120,1
M0830,T0226,2025-12-10 15:26,45,1
M0397,T0361,2025-10-15 13:56,90,5
M0391,T0954,2025-08-23 05:53,45,3
M0793,T0244,2025-11-24 11:59,60,2
M0686,T0366,2025-11-26 13:41,30,1
M0517,T0452,2025-09-12 12:49,90,2
M0007,T0676,2025-07-21 04:58,45,2
M0941,T0075,2025-08-11 17:50,90,5
M0711,T0335,2025-09-19 05:01,30,5
M0482,T0055,2025-07-23 18:28,60,1
M0104,T0744,2025-07-05 10:36,60,5
M0089,T0359,2025-10-15 01:46,45,3
M0274,T0786,2025-12-20 00:26,60,4
M0647,T0205,2025-08-17 19:01,30,3
M0083,T0554,2025-08-20 04:13,180,5
M0906,T0336,2025-07-17 18:10,90,3
M0397,T0049,2025-09-13 08:07,180,4
M0402,T0990,2025-07-10 13:01,60,5
M0033,T0752,2025-10-26 21:54,180,3
M0877,T0680,2025-10-09 13:17,180,3
M0085,T0994,2025-10-19 03:17,180,1
M0779,T0908,2025-08-11 12:38,180,4
M0960,T0997,2025-11-11 01:03,90,2
M0420,T0019,2025-12-21 02:18,45,4
M0478,T0699,2025-07-08 18:59,180,4
M0198,T0871,2025-07-04 19:58,30,5
M0029,T0259,2025-09-11 16:57,60,5
M0208,T0745,2025-07-07 06:29,45,1
M0226,T0634,2025-09-12 17:25,60,5
M0966,T0055,2025-07-01 09:16,120,5
M0775,T0781,2025-07-22 15:54,45,2
M0120,T0497,2025-07-21 15:06,180,1
M0948,T0193,2025-08-07 09:49,180,3
M0033,T0166,2025-10-02 08:34,60,5
M0854,T0108,2025-07-19 23:25,45,2
M0927,T0611,2025-12-14 17:19,60,2
M0120,T0952,2025-11-19 01:22,30,2
M0241,T0713,2025-08-26 12:59,30,3
M0910,T0377,2025-08-17 16:42,180,1
M0031,T0885,2025-10-30 02:55,45,5
M0602,T0020,2025-10-22 07:35,30,1
M0874,T0563,2025-10-10 17:35,120,2
M0106,T0230,2025-10-23 10:44,45,4
M0751,T0982,2025-07-02 14:54,30,3
M0599,T0435,2025-11-25 00:52,45,3
M0243,T0491,2025-12-10 16:36,45,3
M0720,T0239,2025-08-10 19:42,45,1
M0301,T0986,2025-12-08 23:06,120,2
M0952,T0835,2025-12-20 23:41,90,1
M0197,T0558,2025-12-29 18:58,45,1
M0908,T0362,2025-09-04 14:29,45,3
M0366,T0162,2025-12-01 10:15,120,4
M0735,T0661,2025-07-10 15:22,60,1
M0747,T0278,2025-08-17 07:17,30,3
M0704,T0827,2025-09-02 00:33,90,5
M0667,T0023,2025-10-09 04:53,180,4
M0351,T0436,2025-12-16 05:16,120,5
M0233,T0415,2025-08-31 00:11,180,2
M0076,T0156,2025-10-10 07:27,30,1
M0010,T0255,2025-12-22 14:35,45,2
M0768,T0915,2025-07-20 01:44,30,5
M0745,T0795,2025-09-30 10:19,90,4
M0715,T0272,2025-12-05 01:42,120,4
M0966,T0670,2025-09-02 10:47,120,1
M0363,T0364,2025-10-23 04:40,180,3
M1000,T0613,2025-09-19 09:23,120,3
M0860,T0235,2025-11-30 00:39,60,5
M0573,T0348,2025-10-20 12:03,120,5
M0867,T0459,2025-12-03 15:56,60,2
M0355,T0803,2025-12-29 10:45,90,1
M0124,T0292,2025-11-29 04:43,60,1
M0063,T0693,2025-07-25 10:47,120,2
M0870,T0432,2025-09-01 13:49,45,2
M0415,T0724,2025-09-18 17:22,30,4
M0372,T0624,2025-10-03 07:30,30,1
M0968,T0419,2025-08-23 23:06,45,5
M0977,T0738,2025-09-08 01:51,120,5
M0028,T0253,2025-09-26 00:23,60,2
M0086,T0452,2025-07-18 01:12,90,5
M0783,T0586,2025-10-26 16:55,90,4
M0011,T0626,2025-12-02 10:08,60,5
M0635,T0279,2025-08-02 12:22,30,4
M0799,T0213,2025-12-21 12:12,60,1
M0613,T0761,2025-11-24 13:48,90,1
M0145,T0172,2025-09-13 11:19,60,2
M0635,T0885,2025-09-29 19:29,30,4
M0855,T0381,2025-10-07 05:14,120,1
M0846,T0848,2025-07-26 11:42,30,1
M0340,T0077,2025-08-24 21:38,60,2
M0395,T0847,2025-10-25 12:22,45,2
M0955,T0776,2025-07-13 23:52,45,3
M0287,T0989,2025-08-01 03:41,90,5
M0108,T0372,2025-09-06 00:45,90,3
M0199,T0032,2025-09-25 02:22,120,3
M0982,T0156,2025-08-09 21:19,60,2
M0715,T0082,2025-09-26 22:29,45,5
M0709,T0781,2025-12-21 01:57,45,2
M0900,T0617,2025-08-02 08:47,180,2
M0137,T0201,2025-12-22 11:35,90,5
M0124,T0700,2025-08-24 16:21,90,3
M0877,T0176,2025-10-05 07:22,90,1
M0954,T0797,2025-11-02 04:31,60,4
M0974,T0241,2025-08-10 05:52,45,5
M0540,T0276,2025-12-07 08:10,45,3
M0464,T0960,2025-12-18 19:19,90,2
M0615,T0786,2025-12-06 23:22,60,3
M0333,T0280,2025-09-14 15:05,30,3
M0304,T0810,2025-12-07 19:27,30,5
M0247,T0187,2025-08-11 05:06,45,5
M0506,T0588,2025-09-24 01:19,90,1
M0516,T0918,2025-11-21 01:17,120,2
M0622,T0210,2025-11-14 21:12,60,4
M0647,T0072,2025-09-05 01:32,60,3
M0178,T0838,2025-11-06 17:49,120,5
M0225,T0929,2025-11-13 13:09,30,3
M0755,T0726,2025-11-06 12:41,120,5
M0052,T0421,2025-11-08 06:19,60,4
M0321,T0415,2025-08-24 09:30,120,1
M0178,T0246,2025-08-20 22:45,30,4
M0779,T0098,2025-10-09 10:50,60,3
M0712,T0940,2025-09-20 17:09,180,5
M0915,T0208,2025-10-12 07:26,120,5
M0011,T0426,2025-12-19 06:22,120,4
M0002,T0068,2025-12-10 18:48,120,4
M0039,T0920,2025-08-20 09:43,90,1
M0048,T0700,2025-09-02 00:04,180,5
M0847,T0435,2025-07-11 03:44,90,5
M0729,T0891,2025-11-16 18:54,60,2
M0945,T0130,2025-08-24 00:56,30,5
M0973,T0473,2025-07-11 17:52,180,4
M0107,T0724,2025-08-16 18:07,180,5
M0158,T0504,2025-08-03 19:47,45,4
M0252,T0263,2025-07-04 08:41,90,1
M0896,T0664,2025-09-05 07:05,180,5
M0546,T0146,2025-10-04 16:11,60,3
M0589,T0452,2025-07-18 05:47,45,5
M0428,T0098,2025-09-27 20:29,180,5
M0432,T0690,2025-12-28 04:12,60,2
M0273,T0126,2025-12-11 12:31,30,5
M0652,T0247,2025-07-31 17:50,120,5
M0569,T0246,2025-08-08 14:22,60,1
M0303,T0092,2025-07-03 18:00,120,2
M0998,T0551,2025-12-12 01:53,180,4
M0898,T0789,2025-07-31 15:34,60,4
M0551,T0231,2025-12-06 11:38,45,3
M0066,T0138,2025-07-07 18:01,120,2
M0265,T0195,2025-12-27 05:17,180,4
M0043,T0032,2025-07-29 02:13,45,3
M0733,T0097,2025-08-03 19:12,90,1
M0694,T0652,2025-12-04 22:18,45,1
M0830,T0102,2025-11-29 10:22,45,1
M0169,T0551,2025-12-29 17:46,180,2
M0378,T0854,2025-12-06 14:40,60,2
M0417,T0134,2025-07-05 05:15,180,3
M0731,T0605,2025-11-13 19:26,120,2
M0073,T0143,2025-07-21 07:03,60,2
M0696,T0407,2025-07-15 22:33,60,3
M0044,T0157,2025-10-22 15:35,60,1
M0643,T0484,2025-10-22 19:02,45,4
M0931,T0062,2025-09-15 05:36,60,4
M0996,T0611,2025-08-20 07:43,120,5
M0123,T0023,2025-09-14 05:57,180,2
M0755,T0131,2025-09-10 22:01,120,5
M0141,T0671,2025-08-10 13:55,120,5
M0053,T0356,2025-12-08 00:31,45,4
M0942,T0866,2025-07-21 21:08,90,3
M0620,T0540,2025-12-23 18:33,30,4
M0592,T0791,2025-12-16 04:23,30,2
M0603,T0346,2025-07-18 14:16,60,4
M0093,T0819,2025-08-24 04:14,120,3
M0579,T0411,2025-07-26 05:32,60,1
M0863,T0821,2025-08-18 22:12,120,1
M0251,T0858,2025-11-08 18:56,60,3
M0437,T0506,2025-09-03 04:42,90,3
M0460,T0293,2025-12-05 15:24,60,5
M0672,T0243,2025-12-15 16:43,45,2
M0749,T0840,2025-12-27 05:28,120,2
M0104,T0002,2025-07-23 05:13,45,3
M0867,T0219,2025-07-20 10:53,120,4
M0315,T0613,2025-07-06 07:53,180,3
M0404,T0123,2025-08-17 09:44,180,1
M0806,T0465,2025-09-30 00:41,30,3
M0682,T0625,2025-08-01 12:29,45,1
M0629,T0731,2025-09-13 03:06,120,4
M0801,T0272,2025-09-20 12:56,180,2
M0927,T0254,2025-07-19 11:05,30,2
M0818,T0088,2025-09-13 12:34,90,1
M0051,T0214,2025-12-16 18:01,45,3
M0117,T0400,2025-11-22 23:30,60,3
M0435,T0622,2025-11-05 14:20,180,2
M0897,T0899,2025-10-10 13:50,180,3
M0059,T0150,2025-11-19 15:14,180,3
M0012,T0915,2025-09-17 19:17,30,2
M0744,T0970,2025-09-25 03:49,180,4
M0075,T0396,2025-09-05 16:37,120,3
M0702,T0848,2025-10-31 17:17,30,4
M0530,T0984,2025-10-20 22:35,90,1
M0153,T0860,2025-09-09 09:41,180,2
M0704,T0579,2025-07-12 05:43,90,4
M0943,T0449,2025-09-01 02:26,120,4
M0585,T0732,2025-08-08 14:37,180,1
M0657,T0127,2025-09-16 05:43,30,3
M0696,T0851,2025-08-17 01:11,30,4
M0286,T0043,2025-08-05 12:09,90,1
M0477,T0200,2025-12-18 08:06,90,5
M0146,T0344,2025-10-20 17:19,45,2
M0813,T0798,2025-07-09 07:36,180,3
M0863,T0890,2025-12-27 16:59,180,1
M0475,T0955,2025-11-24 22:11,45,2
M0702,T0718,2025-11-04 01:40,30,5
M0035,T0748,2025-09-24 17:40,60,5
M0742,T0509,2025-11-20 22:44,180,1
M0522,T0611,2025-08-13 20:43,30,4
M0961,T0968,2025-12-27 07:22,180,1
M0822,T0637,2025-12-17 15:58,120,1
M0177,T0441,2025-11-21 03:57,180,4
M0672,T0262,2025-12-12 13:57,60,2
M0347,T0411,2025-12-29 00:05,60,2
M0736,T0405,2025-07-14 08:18,120,1
M0407,T0522,2025-08-19 12:49,45,3
M0866,T0703,2025-09-16 00:58,30,1
M0695,T0051,2025-10-21 09:35,120,4
M0637,T0334,2025-09-27 17:09,120,1
M0906,T0766,2025-12-09 19:52,60,2
M0880,T0097,2025-11-29 13:27,180,3
M0472,T0017,2025-07-04 09:58,90,2
M0973,T0126,2025-12-09 08:20,30,2
M0021,T0311,2025-11-21 11:08,120,5
M0361,T0200,2025-08-02 01:11,180,2
M0660,T0388,2025-11-04 00:37,90,1
M0106,T0659,2025-11-01 14:23,180,3
M0750,T0785,2025-12-23 10:23,120,2
M0727,T0050,2025-11-06 02:23,60,4
M0422,T0197,2025-12-03 02:47,90,5
M0469,T0174,2025-10-17 02:01,180,3
M0635,T0368,2025-10-24 22:59,90,4
M0080,T0837,2025-09-18 12:45,90,4
M0924,T0204,2025-12-12 22:08,90,2
M0209,T0980,2025-11-09 18:19,120,3
M0152,T0706,2025-12-11 10:51,180,2
M0871,T0662,2025-09-23 04:29,45,4
M0856,T0174,2025-09-29 19:27,60,1
M0530,T0622,2025-11-18 21:20,45,1
M0704,T0190,2025-10-06 23:12,120,1
M0127,T0769,2025-09-27 11:54,120,2
M0839,T0454,2025-07-11 00:23,120,4
M0072,T0705,2025-07-31 17:16,30,3
M0522,T0946,2025-10-15 21:02,60,1
M0573,T0578,2025-10-30 17:27,45,1
M0234,T0939,2025-11-04 01:07,60,2
M0298,T0804,2025-11-24 21:34,45,5
M0552,T0587,2025-08-09 10:49,30,1
M0015,T0552,2025-07-13 02:56,45,5
M0566,T0632,2025-10-05 18:21,120,1
M0509,T0164,2025-08-24 06:55,60,1
M0144,T0958,2025-11-13 08:06,180,2
M0608,T0051,2025-09-24 14:46,30,1
M0421,T0716,2025-10-25 07:48,90,5
M0282,T0614,2025-12-10 13:36,180,3
M0177,T0111,2025-08-09 19:39,30,5
M0193,T0132,2025-11-19 01:36,45,4
M0604,T0068,2025-11-20 03:53,30,5
M0805,T0352,2025-09-28 04:39,45,1
M0737,T0837,2025-10-24 18:07,30,2
M0117,T0815,2025-08-19 02:12,45,1
M0240,T0807,2025-10-05 01:56,60,3
M0521,T0490,2025-08-02 20:55,30,3
M0099,T0249,2025-11-03 02:20,30,2
M0625,T0993,2025-09-12 16:50,90,5
M0575,T0919,2025-09-27 15:10,30,2
M0906,T0463,2025-08-20 16:02,180,3
M0999,T0463,2025-09-17 18:25,120,4
M0735,T0699,2025-11-04 10:35,60,5
M0247,T0980,2025-10-03 18:35,45,4
M0861,T0178,2025-09-28 21:35,60,4
M0605,T0014,2025-08-29 15:42,30,5
M0416,T0163,2025-10-01 14:06,60,2
M0490,T0697,2025-09-16 13:46,180,4
M0136,T0070,2025-07-21 10:34,90,5
M0269,T0995,2025-10-13 23:40,180,5
M0807,T0075,2025-08-05 06:58,180,2
M0354,T0284,2025-11-15 18:00,45,2
M0757,T0897,2025-09-29 08:37,180,4
M0285,T0560,2025-07-15 13:42,45,5
M0316,T0487,2025-09-27 02:55,45,4
M0855,T0633,2025-10-15 00:35,120,5
M0047,T0684,2025-10-30 07:00,120,3
M0765,T0329,2025-12-19 11:36,30,4
M0296,T0751,2025-10-21 04:48,60,2
M0824,T0123,2025-12-25 11:32,120,1
M0503,T0020,2025-08-20 15:53,180,4
M0957,T0120,2025-07-08 12:45,120,1
M0664,T0267,2025-09-23 12:17,45,3
M0617,T0999,2025-11-20 23:27,45,1
M0939,T0774,2025-10-09 20:01,60,3
M0832,T0209,2025-08-07 21:49,30,4
M0822,T0945,2025-07-05 22:09,60,1
M0249,T0660,2025-09-18 16:07,30,5
M0409,T0163,2025-12-27 21:51,30,1
M0642,T0624,2025-07-06 19:15,30,1
M0356,T0006,2025-07-29 19:45,45,5
M0235,T0492,2025-11-10 20:51,30,1
M0179,T0168,2025-08-13 22:01,180,2
M0741,T0329,2025-11-20 01:49,60,5
M0994,T0804,2025-12-11 01:42,60,4
M0256,T0660,2025-08-26 23:49,120,1
M0756,T0500,2025-11-23 16:26,180,5
M0844,T0801,2025-12-12 02:54,30,3
M0765,T0846,2025-10-15 04:48,90,5
M0862,T0487,2025-12-09 21:33,180,5
M0603,T0075,2025-08-06 09:31,180,2
M0541,T0598,2025-09-24 06:27,30,1
M0928,T0660,2025-09-20 07:25,90,2
M0866,T0784,2025-10-09 21:25,45,2
M0466,T0552,2025-09-15 20:25,30,1
M0186,T0385,2025-11-28 13:20,90,1
M0585,T0712,2025-08-03 10:16,90,1
M0419,T0488,2025-10-27 17:26,180,2
M0606,T0024,2025-10-02 16:43,45,2
M0247,T0604,2025-09-14 12:47,180,4
M0253,T0683,2025-07-04 11:41,60,4
M0197,T0616,2025-07-16 16:23,30,4
M0512,T0997,2025-10-27 21:37,45,5
M0600,T0268,2025-12-08 22:26,60,2
M0100,T0672,2025-07-08 05:01,45,1
M0938,T0607,2025-09-21 18:48,30,1
M0656,T0654,2025-08-11 16:54,180,3
M0195,T0368,2025-09-01 01:23,45,3
M0116,T0256,2025-09-07 04:32,120,5
M0672,T0817,2025-09-09 22:30,180,1
M0368,T0552,2025-09-02 18:27,180,2
M0573,T0984,2025-08-21 20:33,180,3
M0073,T0289,2025-07-25 12:51,60,4
M0550,T0864,2025-12-14 13:10,180,1
M0177,T0127,2025-12-26 05:36,30,3
M0213,T0857,2025-12-28 03:54,60,5
M0714,T0251,2025-12-16 21:00,30,2
M0126,T0811,2025-11-25 23:20,180,2
M0011,T0133,2025-10-22 14:16,90,2
M0748,T0218,2025-10-26 22:37,90,1
M0635,T0799,2025-12-13 17:04,120,3
M0230,T0714,2025-12-19 03:23,45,2
M0285,T0622,2025-12-12 06:16,60,5
M0488,T0639,2025-09-12 13:30,60,4
M0215,T0635,2025-07-24 13:17,30,1
M0743,T0806,2025-12-24 02:49,90,5
M0453,T0943,2025-11-15 00:44,30,1
M0761,T0505,2025-07-07 12:56,180,5
M0870,T0841,2025-10-21 15:53,120,2
M0274,T0660,2025-09-21 16:19,120,1
M0456,T0957,2025-12-15 22:39,90,1
M0657,T0899,2025-11-27 06:28,30,5
M0196,T0012,2025-08-21 13:44,45,2
M0557,T0625,2025-07-28 01:39,120,3
M0669,T0981,2025-11-06 19:54,120,1
M0157,T0301,2025-09-28 23:48,30,1
M0583,T0921,2025-12-25 05:36,90,5
M0887,T0035,2025-07-04 08:53,120,4
M0245,T0006,2025-10-23 13:09,180,5
M0014,T0928,2025-07-04 19:35,30,5
M0978,T0810,2025-10-27 17:27,30,3
M0892,T0364,2025-08-14 11:26,120,4
M0796,T0763,2025-12-10 08:38,60,2
M0931,T0754,2025-07-18 15:51,180,4
M0784,T0729,2025-07-12 17:32,180,1
M0305,T0224,2025-08-03 05:08,60,5
M0275,T0348,2025-07-30 16:41,120,5
M0067,T0247,2025-08-18 05:05,120,4
M0304,T0192,2025-10-16 18:04,60,3
M0807,T0038,2025-10-19 21:23,180,4
M0461,T0898,2025-08-25 14:41,45,2
M0678,T0542,2025-12-23 04:03,60,5
M0046,T0382,2025-12-13 04:45,180,1
M0039,T0737,2025-10-15 19:44,30,4
M0098,T0631,2025-10-12 03:51,90,3
M0766,T0937,2025-11-08 23:22,90,1
M0192,T0654,2025-12-04 00:31,45,3
M0540,T0862,2025-07-22 18:17,180,3
M0088,T0301,2025-09-12 07:19,45,3
M0921,T0976,2025-08-19 14:21,90,2
M0679,T0890,2025-09-27 21:15,60,3
M0715,T0132,2025-08-07 16:22,45,1
M0013,T0236,2025-09-28 15:57,180,5
M0130,T0180,2025-12-24 06:38,60,4
M0238,T0042,2025-10-29 06:07,90,3
M0529,T0742,2025-11-06 05:11,120,5
M0385,T0763,2025-09-05 13:03,30,2
M0265,T0412,2025-12-29 13:31,120,2
M0402,T0725,2025-10-06 15:04,90,2
M0432,T0039,2025-10-20 09:14,30,5
M0005,T0573,2025-11-23 01:49,120,5
M0449,T0511,2025-11-27 22:21,120,3
M0259,T0889,2025-10-21 14:18,60,1
M0747,T0516,2025-10-18 18:04,90,5
M0930,T0451,2025-10-27 16:49,45,4
M0354,T0233,2025-08-15 08:07,120,5
M0161,T0780,2025-07-03 23:53,30,1
M0294,T0298,2025-10-29 22:36,90,3
M0005,T0159,2025-08-22 21:01,120,4
M0825,T0388,2025-11-05 23:18,120,2
M0191,T0339,2025-07-14 11:41,90,1
M0193,T0880,2025-09-11 16:47,90,5
M0161,T0810,2025-10-16 21:54,45,5
M0678,T0584,2025-07-16 06:25,90,3
M0514,T0075,2025-07-16 08:10,60,3
M0274,T0598,2025-12-15 10:47,180,1
M0182,T0895,2025-11-24 04:58,30,3
M0132,T0889,2025-07-25 03:19,60,1
M0600,T0826,2025-10-06 10:27,90,2
M0967,T0228,2025-11-15 06:43,45,1
M0098,T0577,2025-07-12 15:39,45,2
M0439,T0037,2025-09-06 12:10,45,4
M0468,T0753,2025-09-01 12:53,60,4
M0792,T0834,2025-10-11 03:00,120,2
M0598,T0084,2025-08-14 03:19,120,2
M0467,T0358,2025-09-05 11:26,120,1
M0485,T0765,2025-11-17 06:39,60,5
M0225,T0368,2025-07-27 20:32,180,2
M0110,T0514,2025-09-06 04:36,120,5
M0039,T0386,2025-09-09 13:49,120,2
M0875,T0829,2025-12-02 10:31,30,1
M0121,T0667,2025-08-18 13:54,120,4
M0035,T0542,2025-08-01 17:54,60,3
M0730,T0995,2025-12-24 15:12,90,5
M0904,T0823,2025-07-24 08:05,45,2
M0013,T0509,2025-09-21 00:04,120,2
M0313,T0802,2025-12-27 11:58,60,1
M0318,T0368,2025-08-02 13:34,90,5
M0514,T0720,2025-11-14 17:05,60,5
M0956,T0391,2025-07-28 18:32,30,5
M0987,T0320,2025-10-28 19:56,60,4
M0555,T0765,2025-08-11 21:14,180,1
M0466,T0955,2025-09-30 19:58,60,5
M0470,T0986,2025-10-08 19:14,30,3
M0301,T0850,2025-10-31 08:42,30,2
M0940,T0905,2025-11-09 11:05,60,1
M0457,T0345,2025-12-15 00:40,60,3
M0929,T0763,2025-12-20 23:02,180,5
M0185,T0465,2025-11-01 21:30,180,2
M0686,T0606,2025-08-21 12:46,180,1
M0338,T0534,2025-12-24 22:33,45,1
M0763,T0687,2025-07-06 18:19,120,3
M0699,T0174,2025-09-26 15:37,120,3
M0179,T0234,2025-08-01 21:35,180,1
M0353,T0946,2025-10-16 11:49,120,4
M0721,T0209,2025-08-01 18:03,90,4
M0099,T0213,2025-12-03 12:31,180,4
M0994,T0639,2025-07-29 00:34,120,2
M0898,T0979,2025-11-15 13:05,60,1
M0725,T0368,2025-07-14 18:27,30,4
M0099,T0023,2025-09-18 18:45,120,4
M0065,T0341,2025-11-09 03:15,120,2
M0508,T0788,2025-11-07 12:46,90,3
M0200,T0869,2025-12-17 13:33,120,5
M0471,T0774,2025-07-15 17:09,30,3
M0903,T0188,2025-08-04 17:58,60,1
M0738,T0370,2025-12-07 00:17,120,1
M0298,T0888,2025-09-08 12:58,90,5
M0781,T0802,2025-08-08 02:51,60,4
M0435,T0143,2025-07-28 21:32,180,2
M0986,T0340,2025-09-16 20:24,45,2
M0470,T0954,2025-11-16 19:36,60,5
M0975,T0566,2025-08-17 14:41,90,4
M0770,T0797,2025-12-16 14:07,60,1
M0760,T0973,2025-08-24 04:32,90,3
M0109,T0324,2025-11-24 17:00,60,2
M0731,T0420,2025-09-25 03:15,30,2
M0348,T0627,2025-08-23 20:26,60,1
M0882,T0170,2025-07-03 03:16,120,3
M0011,T0138,2025-09-22 03:19,90,2
M0592,T0062,2025-10-21 22:53,90,3
M0169,T0444,2025-09-03 22:14,45,4
M0228,T0828,2025-12-29 12:33,60,1
M0882,T0228,2025-07-30 12:17,30,2
M0508,T0684,2025-07-24 09:51,45,1
M0233,T0040,2025-12-20 15:31,45,3
M0763,T0862,2025-12-24 18:50,60,4
M0438,T0951,2025-08-01 21:13,180,5
M0572,T0001,2025-09-14 01:44,60,4
M0068,T0422,2025-12-24 10:15,90,2
M0022,T0670,2025-07-23 06:59,60,5
M0388,T0904,2025-10-18 10:16,30,4
M0677,T0377,2025-08-17 17:54,30,1
M0195,T0741,2025-11-11 08:43,90,3
M0723,T0922,2025-10-17 18:26,180,2
M0799,T0840,2025-09-21 00:08,60,4
M0842,T0388,2025-09-06 06:01,120,4
M0210,T0282,2025-12-01 14:20,45,4
M0908,T0462,2025-07-08 00:03,45,5
M0275,T0484,2025-09-08 14:21,120,3
M0018,T0537,2025-10-28 01:01,90,5
M0208,T0256,2025-09-02 21:11,120,1
M0623,T0422,2025-10-04 15:50,60,1
M0689,T0555,2025-11-11 02:49,90,3
M0533,T0256,2025-12-11 17:38,90,4
M0787,T0828,2025-08-14 03:56,180,1
M0795,T0559,2025-07-15 10:19,90,3
M0806,T0767,2025-10-02 13:30,60,2
M0901,T0922,2025-10-30 19:47,90,5
M0015,T0025,2025-08-29 12:03,60,1
M0046,T0317,2025-08-19 23:15,180,1
M0227,T0824,2025-11-11 14:21,90,2
M0448,T0318,2025-11-03 19:09,30,4
M0733,T0486,2025-10-08 10:39,30,5
M0598,T0844,2025-08-28 11:15,90,3
M0464,T0764,2025-08-13 08:13,60,4
M0439,T0385,2025-10-18 02:40,90,3
M0286,T0130,2025-10-24 00:23,30,1
M0160,T0361,2025-10-12 09:29,45,5
M0136,T0989,2025-07-13 07:40,120,2
M0869,T0830,2025-12-18 02:46,60,1
M0689,T0683,2025-07-27 23:51,60,1
M0224,T0623,2025-11-11 01:11,90,3
M0839,T0326,2025-11-25 11:19,30,5
M0947,T0122,2025-07-04 00:43,60,2
M0071,T0103,2025-11-19 18:25,30,2
M0725,T0730,2025-11-04 13:57,45,5
M0054,T0957,2025-12-21 07:48,180,4
M0413,T0725,2025-12-10 18:09,180,3
M0018,T0139,2025-08-23 03:15,120,4
M0702,T0251,2025-11-08 04:05,30,1
M0130,T0014,2025-09-20 06:54,60,3
M0141,T0623,2025-11-06 01:31,60,4
M0852,T0993,2025-07-16 16:33,60,3
M0282,T0875,2025-09-01 15:22,45,2
M0684,T0837,2025-07-08 12:29,60,4
M0810,T0262,2025-09-22 05:07,90,5
M0170,T0509,2025-10-03 14:08,180,2
M0196,T0905,2025-07-03 10:18,180,2
M0313,T0591,2025-07-09 07:28,60,2
M0407,T0761,2025-12-30 20:28,45,5
M0680,T0783,2025-09-16 15:03,120,1
M0545,T0750,2025-08-10 21:44,30,4
M0885,T0977,2025-10-22 09:39,180,5
M0661,T0985,2025-10-03 02:21,90,5
M0791,T0739,2025-10-03 09:50,180,5
M0838,T0310,2025-11-25 23:11,45,5
M0124,T0184,2025-07-04 04:55,60,4
M0395,T0160,2025-09-17 15:14,180,5
M0614,T0964,2025-11-22 17:38,60,4
M0139,T0794,2025-09-29 07:09,45,2
M0696,T0377,2025-11-06 00:29,45,2
M0595,T0398,2025-12-24 04:50,60,1
M0727,T0756,2025-07-12 08:04,45,5
M0430,T0934,2025-11-13 02:37,45,4
M0561,T0363,2025-12-27 05:05,120,1
M0066,T0029,2025-10-21 20:54,180,3
M0977,T0371,2025-09-12 23:02,120,5
M0972,T0059,2025-09-27 21:05,60,3
M0810,T0655,2025-12-15 02:52,60,2
M0787,T0947,2025-07-21 02:01,90,5
M0488,T0371,2025-08-05 11:06,120,4
M0655,T0187,2025-12-03 05:53,60,2
M0876,T0723,2025-10-19 19:54,180,1
M0526,T0310,2025-11-29 19:00,90,4
M0436,T0709,2025-10-19 04:50,180,2
M0489,T0208,2025-08-05 04:34,45,1
M0204,T0401,2025-10-09 10:03,120,4
M0461,T0721,2025-09-07 17:21,120,2
M0881,T0337,2025-10-30 15:57,180,5
M0106,T0723,2025-12-18 07:39,90,5
M0249,T0012,2025-11-19 05:58,30,4
M0425,T0569,2025-09-28 13:59,30,4
M0565,T0206,2025-07-15 16:44,180,2
M0504,T0185,2025-09-20 04:22,90,1
M0742,T0768,2025-08-22 06:24,30,3
M0905,T0838,2025-10-20 23:04,45,2
M0298,T0227,2025-12-09 19:39,45,4
M0546,T0065,2025-09-05 02:55,120,5
M0178,T0556,2025-11-18 08:57,30,3
M0494,T0355,2025-11-19 17:35,120,4
M0376,T0628,2025-10-04 14:40,60,1
M0295,T0330,2025-11-03 05:36,60,4
M0086,T0824,2025-10-16 04:01,120,5
M0392,T0845,2025-09-15 19:41,180,3
M0250,T0308,2025-08-10 19:10,180,5
M0535,T0841,2025-07-27 04:21,45,3
M0832,T0312,2025-12-11 22:35,60,4
M0084,T0596,2025-10-25 11:01,60,2
M0624,T0618,2025-08-17 18:27,90,4
M0902,T0200,2025-07-06 15:32,90,3
M0467,T0485,2025-12-28 15:56,180,4
M0021,T0453,2025-12-30 16:54,120,5
M0521,T0039,2025-08-08 00:52,120,1
M0987,T0144,2025-11-21 05:42,45,5
M0965,T0993,2025-09-30 12:38,30,1
M0005,T0332,2025-11-30 10:40,30,2
M0003,T0881,2025-11-20 02:31,90,5
M0117,T0589,2025-11-09 23:16,120,3
M0866,T0268,2025-12-29 18:15,180,1
M0563,T0443,2025-12-10 14:38,60,2
M0838,T0985,2025-07-01 02:06,45,1
M0519,T0593,2025-07-24 04:09,30,3
M0638,T0657,2025-12-12 12:21,60,1
M0457,T0561,2025-12-30 15:22,45,5
M0189,T0078,2025-12-09 17:22,120,2
M0219,T0327,2025-09-10 00:37,45,4
M0018,T0280,2025-07-18 12:11,60,2
M0034,T0664,2025-10-23 21:11,30,5
M0812,T0831,2025-07-10 18:45,30,1
M0743,T0301,2025-11-04 18:50,60,2
M0280,T0063,2025-10-22 03:17,90,2
M0128,T0178,2025-09-25 03:58,60,3
M0967,T0861,2025-08-12 15:36,90,3
M0051,T0059,2025-12-13 20:07,180,3
M0851,T0436,2025-08-03 19:52,90,2
M0815,T0968,2025-10-07 08:15,60,5
M0685,T0228,2025-07-11 11:11,45,3
M0698,T0310,2025-09-15 16:00,45,1
M0045,T0362,2025-12-02 10:11,60,3
M0424,T0185,2025-08-06 12:57,60,1
M0476,T0817,2025-11-13 23:50,45,5
M0772,T0888,2025-07-10 09:36,90,4
M0977,T0374,2025-12-16 19:46,120,3
M0874,T0999,2025-10-21 09:37,180,5
M0004,T0254,2025-07-10 01:33,180,2
M0947,T0265,2025-08-05 13:57,180,3
M0423,T0905,2025-12-11 23:45,120,5
M0704,T0164,2025-12-09 05:49,120,3
M0433,T0001,2025-11-25 18:56,60,3
M0969,T0739,2025-10-22 14:56,90,1
M0060,T0621,2025-08-01 15:55,90,1
M0195,T0130,2025-08-13 07:49,180,3
M0782,T0927,2025-09-28 06:49,180,5
M0119,T0048,2025-10-24 02:43,30,3
M0314,T0997,2025-09-26 22:58,90,2
M0272,T0402,2025-07-26 00:15,180,4
M0227,T0867,2025-07-30 23:28,30,1
M0379,T0579,2025-10-05 06:55,180,5
M0724,T0621,2025-08-23 21:38,120,1
M0176,T0403,2025-08-23 14:25,120,4
M0669,T0466,2025-08-01 08:36,90,4
M0087,T0788,2025-07-14 10:11,45,2
M0953,T0094,2025-09-27 07:14,180,5
M0220,T0253,2025-09-18 19:01,180,5
M0088,T0496,2025-12-07 06:29,30,4
M0599,T0583,2025-08-08 17:28,90,3
M0951,T0063,2025-10-25 06:49,60,1
M0012,T0039,2025-12-08 13:51,45,1
M0484,T0874,2025-12-25 19:03,60,4
M0726,T0826,2025-08-10 17:34,180,1
M0991,T0965,2025-11-06 13:09,120,5
M0678,T0501,2025-08-27 03:11,180,4
M0864,T0852,2025-11-14 18:59,45,5
M0317,T0019,2025-08-24 13:06,60,1
M0925,T0348,2025-07-12 15:45,90,3
M0982,T0269,2025-08-29 15:32,45,4
M0120,T0735,2025-09-27 04:26,45,4
M0477,T0028,2025-07-03 04:52,45,3
M0804,T0948,2025-10-16 14:26,180,4
M0650,T0882,2025-09-15 20:52,30,5
M0710,T0272,2025-10-07 11:31,60,1
M0288,T0972,2025-09-13 07:36,180,5
M0210,T0813,2025-11-15 19:51,180,1
M0863,T0833,2025-12-01 13:19,30,5
M0585,T0426,2025-07-01 04:20,30,1
M0176,T0791,2025-10-02 10:47,90,4
M0106,T0596,2025-11-11 02:14,180,1
M0561,T0034,2025-08-16 13:19,120,5
M0913,T0306,2025-08-03 05:09,180,1
M0544,T0408,2025-11-22 07:49,90,5
M0319,T0310,2025-07-28 04:51,120,5
M0765,T0986,2025-12-06 03:41,90,4
M0469,T0836,2025-07-24 09:18,90,1
M0573,T0348,2025-07-14 04:06,30,4
M0226,T0253,2025-10-22 12:20,30,3
M0931,T0380,2025-08-02 12:27,45,2
M0401,T0028,2025-08-26 11:10,30,2
M0827,T0274,2025-11-16 06:40,60,4
M0122,T0622,2025-12-24 16:22,60,3
M0968,T0603,2025-07-27 20:08,90,1
M0284,T0167,2025-11-22 15:29,120,5
M0167,T0186,2025-09-07 06:03,120,1
M0970,T0460,2025-07-24 23:10,30,2
M0699,T0917,2025-07-24 02:39,30,1
M0013,T0389,2025-09-21 13:37,45,1
M0103,T0894,2025-11-05 01:06,120,5
M0799,T0166,2025-11-30 17:23,30,3
M0402,T0151,2025-12-24 08:48,45,3
M0195,T0802,2025-10-01 05:33,60,5
M0009,T0123,2025-09-12 15:30,30,4
M0899,T0310,2025-10-20 17:29,45,4
M0199,T0225,2025-10-19 09:29,30,3
M0472,T0854,2025-09-02 23:23,30,4
M0566,T0098,2025-10-14 01:55,90,3
M0436,T0851,2025-11-13 08:49,60,3
M0588,T0035,2025-11-12 19:07,45,2
M0795,T0977,2025-08-04 11:21,30,2
M0987,T0710,2025-08-15 12:20,90,5
M0984,T0265,2025-08-06 14:14,45,3
M0174,T0504,2025-10-25 04:17,120,1
M0131,T0889,2025-09-11 14:25,180,5
M0634,T0875,2025-10-14 11:28,180,3
M0989,T0431,2025-11-21 20:56,120,1
M0258,T0807,2025-08-28 12:49,120,1
M0212,T0997,2025-11-16 06:35,60,3
M0865,T0685,2025-12-14 09:36,120,4
M0479,T0508,2025-10-26 09:33,45,3
M0069,T0448,2025-08-24 06:11,120,2
M0515,T0584,2025-07-28 01:19,45,3
M0510,T0282,2025-11-13 16:24,60,5
M0872,T0128,2025-07-25 08:32,90,3
M0985,T0337,2025-08-08 06:08,90,4
M0679,T0038,2025-09-07 12:24,180,4
M0440,T0884,2025-08-31 02:48,180,3
M0206,T0060,2025-12-23 21:50,90,1
M0281,T0610,2025-08-15 01:15,90,2
M0885,T0017,2025-08-13 06:40,60,1
M0940,T0961,2025-12-15 18:41,120,3
M0575,T0852,2025-10-17 13:07,30,3
M0661,T0222,2025-09-03 13:38,180,3
M0869,T0333,2025-07-07 08:37,120,1
M0205,T0704,2025-08-21 20:55,180,3
M0461,T0033,2025-11-07 20:10,60,5
M0223,T0837,2025-08-25 11:06,60,1
M0196,T0830,2025-11-12 14:59,90,4
M0851,T0464,2025-12-04 21:46,180,3
M0717,T0262,2025-10-31 16:37,90,4
M0434,T0063,2025-07-06 06:22,90,3
M0128,T0986,2025-07-01 23:48,180,2
M0121,T0842,2025-07-13 12:28,30,2
M0316,T0854,2025-11-01 17:21,30,1
M0872,T0796,2025-09-03 19:23,60,2
M0197,T0302,2025-09-30 21:07,90,2
M0624,T0759,2025-10-17 00:57,180,5
M0024,T0427,2025-09-09 04:27,30,5
M0840,T0938,2025-09-11 01:03,90,5
M0742,T0411,2025-12-28 17:36,60,1
M0620,T0639,2025-08-11 11:54,90,2
M0334,T0015,2025-09-07 04:15,120,4
M0031,T0707,2025-10-02 04:59,90,4
M0735,T0293,2025-10-02 18:02,120,3
M0483,T0638,2025-07-05 07:54,120,3
M0865,T0613,2025-07-25 21:23,60,1
M0700,T0258,2025-08-29 09:46,30,3
M0809,T0528,2025-12-06 13:55,30,3
M0301,T0729,2025-09-07 05:56,45,2
M0905,T0699,2025-07-01 18:23,180,1
M0055,T0691,2025-12-28 20:52,45,5
M0251,T0241,2025-09-04 02:36,120,3
M0409,T0883,2025-12-20 13:05,45,2
M0717,T0713,2025-12-04 20:03,90,3
M0631,T0707,2025-11-03 17:36,30,1
M0464,T0331,2025-11-22 13:51,90,3
M0742,T0951,2025-10-27 19:36,120,2
M0599,T0261,2025-12-16 08:51,180,3
M0756,T0766,2025-09-16 11:43,120,2
M0018,T0540,2025-09-04 11:55,180,4
M0569,T0043,2025-09-06 00:34,180,5
M0035,T0167,2025-11-29 14:04,30,4
M0811,T0486,2025-10-11 00:55,45,5
M0511,T0444,2025-08-16 23:50,45,2
M0963,T0700,2025-12-11 06:57,120,5
M0711,T0833,2025-11-23 12:02,90,4
M0263,T0330,2025-08-20 18:35,180,5
M0168,T0205,2025-07-25 19:38,60,3
M0421,T0412,2025-07-13 02:08,30,3
M0615,T0326,2025-08-08 15:51,60,1
M0687,T0781,2025-12-07 16:58,90,5
M0963,T0955,2025-10-09 12:52,90,5
M0424,T0646,2025-12-16 12:05,180,1
M0194,T0571,2025-08-31 16:28,30,3
M0683,T0172,2025-11-02 23:03,180,2
M0257,T0174,2025-12-19 07:48,60,1
M0496,T0724,2025-09-28 13:27,120,2
M0592,T0752,2025-08-14 21:41,30,2
M0238,T0018,2025-11-16 10:48,120,2
M0896,T0177,2025-11-03 14:16,90,2
M0949,T0945,2025-07-16 19:32,90,3
M0903,T0068,2025-10-05 16:16,30,5
M0322,T0113,2025-12-03 08:07,30,4
M0126,T0038,2025-10-02 16:36,90,2
M0437,T0271,2025-08-13 09:36,120,3
M0707,T0714,2025-07-08 23:13,60,5
M0205,T0176,2025-09-04 07:19,30,5
M0837,T0332,2025-11-26 21:08,30,5
M0349,T0321,2025-11-24 17:35,180,1
M0788,T0909,2025-11-12 15:24,30,3
M0567,T0492,2025-10-30 16:08,45,2
M0099,T0029,2025-07-01 15:23,30,3
M0265,T0898,2025-08-13 23:00,90,1
M0889,T0264,2025-07-04 00:54,180,2
M0262,T0700,2025-07-22 16:24,180,3
M0652,T0250,2025-09-26 20:38,60,5
M0923,T0615,2025-09-06 12:34,60,1
M0812,T0202,2025-09-08 06:45,90,5
M0616,T0380,2025-09-30 16:25,120,2
M0283,T0003,2025-10-27 12:51,90,2
M0727,T0728,2025-08-15 03:56,90,3
M0922,T0502,2025-10-04 18:30,90,5
M0212,T0464,2025-11-14 08:52,45,3
M0501,T0258,2025-11-01 22:37,90,4
M0518,T0657,2025-11-12 04:53,30,3
M0856,T0095,2025-07-23 15:22,60,2
M0396,T0958,2025-11-09 09:18,180,2
M0548,T0920,2025-07-24 13:48,180,2
M0695,T0985,2025-12-11 11:04,30,1
M0209,T0110,2025-07-10 00:16,45,4
M0334,T0858,2025-08-28 13:20,60,1
M0669,T0216,2025-09-08 14:38,45,4
M0081,T0470,2025-10-27 09:26,60,5
M0690,T0926,2025-12-18 00:59,45,3
M0299,T0104,2025-07-10 11:48,120,3
M0606,T0991,2025-09-09 22:06,90,1
M0340,T0080,2025-12-22 02:15,60,3
M0032,T0987,2025-09-26 02:55,120,5
M0775,T0069,2025-09-07 20:14,60,2
M0075,T0648,2025-11-18 08:01,120,5
M0748,T0283,2025-08-18 05:00,60,5
M0201,T0748,2025-10-19 01:21,60,1
M0901,T0283,2025-11-03 06:47,60,3
M0243,T0617,2025-09-26 07:03,45,1
M0582,T0356,2025-07-10 12:55,90,3
M0675,T0163,2025-08-26 21:43,30,5
M0305,T0572,2025-09-21 07:59,120,2
M0859,T0931,2025-07-26 19:49,90,2
M0709,T0388,2025-09-04 08:51,30,3
M0605,T0707,2025-08-22 18:30,45,3
M0452,T0460,2025-09-12 17:46,90,5
M0364,T0703,2025-07-23 07:28,180,1
M0265,T0012,2025-12-30 21:48,90,1
M0538,T0013,2025-12-23 15:30,60,2
M0203,T0419,2025-10-08 16:04,120,3
M0903,T0715,2025-11-13 00:05,120,3
M0685,T0966,2025-08-28 08:38,120,5
M0148,T0958,2025-07-25 11:31,120,3
M0250,T0443,2025-08-07 14:22,180,1
M0617,T0412,2025-07-19 21:52,120,4
M0991,T0601,2025-08-19 09:23,45,2
M0093,T0484,2025-11-01 17:55,30,1
M0949,T0707,2025-10-15 09:23,45,3
M0466,T0152,2025-10-19 01:51,30,2
M0846,T0249,2025-09-28 06:15,90,3
M0555,T0709,2025-12-15 03:36,180,4
M0096,T0570,2025-11-29 06:27,120,3
M0895,T0365,2025-10-12 22:25,90,4
M0191,T0934,2025-12-28 06:52,180,4
M0765,T0701,2025-09-23 14:08,180,3
M0759,T0278,2025-11-10 02:29,180,5
M0776,T0312,2025-11-15 12:57,60,3
M0047,T0365,2025-09-25 04:03,180,4
M0021,T0682,2025-09-01 06:22,30,4
M0241,T0737,2025-12-19 20:32,90,1
M0150,T0755,2025-12-01 01:37,45,4
M0983,T0310,2025-12-02 09:29,45,5
M0325,T0861,2025-09-15 04:04,90,1
M0055,T0279,2025-08-04 13:16,180,2
M0624,T0750,2025-10-13 02:06,45,4
M0511,T0775,2025-08-15 03:08,120,1
M0028,T0436,2025-07-07 18:02,60,4
M0984,T0683,2025-07-11 00:19,120,5
M0654,T0897,2025-12-19 07:10,45,5
M0938,T0667,2025-07-11 10:27,90,5
M0536,T0604,2025-10-03 04:07,60,2
M0755,T0219,2025-12-28 09:39,180,5
M0930,T0131,2025-10-03 19:27,120,3
M0979,T0098,2025-11-04 02:38,180,5
M0716,T0349,2025-10-07 17:40,180,4
M0955,T0402,2025-10-07 20:10,45,2
M0896,T0506,2025-07-17 08:48,60,3
M0599,T0912,2025-11-07 23:00,60,3
M0875,T0366,2025-08-29 12:23,30,4
M0045,T0856,2025-08-04 23:11,180,4
M0659,T0766,2025-12-27 16:49,30,5
M0889,T0946,2025-10-01 04:36,45,5
M0524,T0060,2025-11-27 17:11,30,4
M0374,T0228,2025-09-21 03:37,120,2
M0424,T0950,2025-11-17 05:16,180,3
M0198,T0832,2025-11-25 08:15,120,2
M0540,T0996,2025-12-09 05:00,120,2
M0369,T0743,2025-08-20 01:13,120,1
M0466,T0810,2025-09-03 11:14,30,3
M0845,T0822,2025-09-21 07:04,120,1
M0673,T0510,2025-08-18 09:10,45,5
M0582,T0850,2025-12-11 16:26,30,3
M0492,T0269,2025-10-09 10:05,90,1
M0574,T0132,2025-12-10 15:46,60,5
M0134,T0241,2025-07-26 20:16,120,3
M0894,T0604,2025-08-08 21:26,30,4
M0309,T0953,2025-09-08 11:11,120,1
M0603,T0772,2025-09-16 08:08,120,1
M0812,T0609,2025-09-26 16:56,60,2
M0885,T0660,2025-09-05 01:00,120,1
M0217,T0382,2025-10-02 12:26,90,2
M0552,T0013,2025-11-02 06:43,30,3
M0896,T0610,2025-12-27 19:25,30,4
M0834,T0405,2025-07-06 20:46,60,2
M0777,T0253,2025-07-15 02:05,120,5
M0152,T0578,2025-08-25 04:15,45,1
M0453,T0652,2025-08-19 15:14,120,4
M0981,T0094,2025-10-02 03:05,60,1
M0383,T0859,2025-07-02 00:35,120,4
M0332,T0974,2025-11-13 21:34,120,3
M0093,T0155,2025-10-25 14:24,60,3
M0211,T0517,2025-07-19 23:56,60,3
M0674,T0153,2025-08-21 11:20,180,3
M0591,T0102,2025-07-01 19:17,60,3
M0905,T0002,2025-12-11 11:19,120,5
M0419,T0356,2025-09-25 22:05,90,4
M0426,T0007,2025-07-11 01:01,120,5
M0381,T0487,2025-08-15 00:44,60,2
M0310,T0545,2025-11-23 18:18,180,3
M0476,T0797,2025-09-15 16:46,45,1
M0800,T0193,2025-08-11 16:08,90,4
M0702,T0721,2025-10-06 06:18,60,5
M0288,T0158,2025-10-16 04:16,30,3
M0474,T0938,2025-11-30 19:06,120,1
M0613,T0835,2025-11-19 14:43,120,4
M0369,T0734,2025-07-13 05:20,120,4
M0428,T0800,2025-09-03 16:51,45,4
M0266,T0915,2025-09-24 02:45,180,3
M0069,T0717,2025-08-09 20:04,60,4
M0469,T0679,2025-09-17 14:27,180,4
M0814,T0853,2025-07-15 07:56,60,3
M0662,T0518,2025-09-11 03:50,60,5
M0727,T0437,2025-12-24 21:56,45,5
M0243,T0439,2025-08-12 05:23,45,5
M0366,T0168,2025-10-13 00:29,30,5
M0564,T0647,2025-11-14 18:35,90,5
M0049,T0307,2025-08-06 18:38,45,4
M0627,T0788,2025-12-24 23:17,120,5
M0253,T0949,2025-07-11 12:05,180,4
M0319,T0992,2025-07-20 01:51,120,2
M0732,T0084,2025-07-21 05:39,180,2
M0029,T0918,2025-07-10 21:11,120,3
M0388,T0266,2025-07-28 08:41,90,1
M0415,T0875,2025-08-23 17:44,30,1
M0318,T0026,2025-10-14 19:49,120,5
M0524,T0683,2025-11-03 18:13,30,5
M0981,T0389,2025-07-01 02:31,90,5
M0291,T0443,2025-08-11 08:34,90,4
M0446,T0772,2025-07-13 02:06,30,5
M0707,T0813,2025-08-12 08:40,30,3
M0747,T0324,2025-09-04 23:03,120,1
M0866,T0315,2025-08-28 03:53,90,1
M0131,T0417,2025-11-28 05:46,90,3
M0925,T0919,2025-07-08 11:33,45,4
M0242,T0319,2025-11-22 14:54,120,2
M0758,T0797,2025-12-23 10:48,30,5
M0676,T0585,2025-07-22 03:26,30,1
M0116,T0505,2025-10-14 11:55,120,1
M0660,T0642,2025-11-18 00:24,30,4
M0898,T0973,2025-09-20 12:18,120,1
M0685,T0869,2025-11-13 23:51,30,3
M0718,T0111,2025-12-06 08:45,30,1
M0488,T0716,2025-08-04 13:22,60,2
M0357,T0170,2025-12-03 10:27,30,3
M0522,T0488,2025-11-29 23:16,90,5
M0655,T0019,2025-07-13 11:02,180,1
M0542,T0154,2025-11-09 13:14,180,5
M0127,T0707,2025-12-14 19:42,60,2
M0453,T0521,2025-07-15 01:26,180,5
M0587,T0073,2025-07-25 10:34,45,5
M0132,T0589,2025-08-10 12:14,30,1
M0844,T0609,2025-12-22 21:05,90,2
M0386,T0050,2025-08-02 11:25,45,5
M0844,T0732,2025-08-15 20:10,60,5
M0397,T0006,2025-11-04 03:14,120,4
M0079,T0519,2025-07-20 11:24,30,5
M0225,T0876,2025-08-21 02:10,120,2
M0076,T0018,2025-11-08 19:22,60,5
M0591,T0610,2025-07-31 09:34,30,5
M0343,T0292,2025-07-30 05:15,90,3
M0719,T0517,2025-07-14 07:32,180,1
M0265,T0497,2025-12-25 21:01,30,1
M0119,T0908,2025-10-19 06:34,60,5
M0558,T0524,2025-07-14 02:58,180,1
M0018,T0227,2025-09-13 20:00,45,5
M0523,T0737,2025-09-26 18:00,30,4
M0724,T0564,2025-09-06 19:33,60,1
M0770,T0883,2025-12-06 14:45,90,3
M0345,T0431,2025-07-06 01:09,45,1
M0796,T0774,2025-10-15 13:06,30,4
M0154,T0415,2025-09-06 15:45,45,1
M0801,T0927,2025-10-10 19:04,90,5
M0584,T0566,2025-10-19 15:15,60,3
M0120,T0830,2025-11-21 03:03,120,5
M0942,T0402,2025-09-22 13:57,90,5
M0203,T0673,2025-10-01 13:37,45,2
M0046,T0905,2025-10-07 13:41,30,2
M0504,T0191,2025-10-19 23:55,30,4
M0336,T0628,2025-12-21 18:41,30,1
M0940,T0739,2025-10-10 07:15,45,4
M0329,T0123,2025-11-04 03:29,120,2
M0111,T0167,2025-09-30 12:18,90,4
M0828,T0938,2025-11-22 02:51,120,4
M0783,T0088,2025-11-30 09:47,60,3
M0444,T0924,2025-10-02 20:16,120,2
M0558,T0145,2025-09-30 06:49,45,5
M0379,T0754,2025-12-10 14:13,120,4
M0466,T0377,2025-08-02 03:47,120,3
M0366,T0674,2025-12-14 22:37,90,4
M0150,T0005,2025-09-02 09:47,120,1
M0678,T0093,2025-12-07 14:09,120,2
M0608,T0708,2025-11-07 23:00,30,5
M0394,T0840,2025-08-23 08:31,90,3
M0044,T0555,2025-12-03 23:09,30,3
M0254,T0580,2025-09-06 02:30,45,4
M0047,T0875,2025-10-06 12:04,30,2
M0661,T0610,2025-08-24 14:25,45,5
M0319,T0605,2025-10-04 17:24,60,2
M0382,T0596,2025-11-03 02:31,60,5
M0257,T0190,2025-08-02 22:22,60,1
M0906,T0155,2025-09-04 14:28,90,4
M0926,T0596,2025-07-30 20:48,45,5
M0091,T0197,2025-09-15 20:35,120,5
M0453,T0233,2025-10-05 15:31,45,3
M0933,T0581,2025-10-30 19:52,90,3
M0444,T0231,2025-12-04 18:31,45,5
M0002,T0376,2025-07-06 21:25,45,5
M0612,T0249,2025-12-15 22:14,120,2
M0914,T0095,2025-12-30 11:15,45,3
M0554,T0802,2025-11-25 21:57,120,3
M0293,T0483,2025-10-05 18:48,45,1
M0903,T0309,2025-12-06 00:15,60,3
M0584,T0038,2025-10-03 02:26,60,2
M0776,T0480,2025-10-01 08:21,120,5
M0071,T0670,2025-07-27 15:53,30,2
M0154,T0519,2025-09-01 22:08,30,3
M0396,T0043,2025-08-02 03:12,60,5
M0136,T0837,2025-10-26 05:38,90,1
M0026,T0729,2025-11-17 03:38,180,4
M0635,T0788,2025-10-11 04:42,60,2
M0168,T0536,2025-09-24 00:52,120,4
M0435,T0337,2025-11-10 03:48,180,1
M0028,T0936,2025-07-01 03:46,90,3
M0223,T0973,2025-09-20 23:12,120,5
M0441,T0834,2025-07-05 15:49,90,1
M0802,T0217,2025-09-26 16:59,120,2
M0895,T0537,2025-07-25 20:46,60,4
M0967,T0119,2025-11-05 20:19,180,1
M0783,T0013,2025-07-26 06:56,30,3
M0783,T0453,2025-08-17 05:13,120,4
M0171,T0724,2025-12-15 08:20,180,2
M0034,T0671,2025-07-29 15:51,60,2
M0298,T0971,2025-10-21 06:55,60,1
M0669,T0544,2025-07-05 04:56,90,5
M0622,T0322,2025-11-11 18:23,120,3
M0414,T0331,2025-12-27 20:30,60,1
M0231,T0454,2025-11-04 12:53,60,2
M0187,T0377,2025-10-08 03:03,60,2
M0191,T0390,2025-12-02 14:20,60,5
M0798,T0966,2025-08-23 12:36,120,1
M0170,T0315,2025-10-29 18:12,45,3
M0120,T0363,2025-11-14 13:15,30,5
M0140,T0001,2025-07-22 13:22,90,5
M0747,T0994,2025-08-11 19:05,45,3
M0201,T0167,2025-10-02 17:34,45,1
M0841,T0279,2025-10-24 02:04,120,1
M0702,T0418,2025-11-11 21:24,30,4
M0552,T0515,2025-12-20 08:11,180,3
M0515,T0448,2025-09-28 07:14,60,2
M0813,T0326,2025-09-29 20:32,60,4
M0267,T0058,2025-08-09 11:29,120,5
M0367,T0152,2025-12-22 07:16,45,5
M0651,T0412,2025-12-13 03:57,90,1
M0782,T0824,2025-07-10 22:04,60,4
M0497,T0260,2025-08-14 13:04,45,2
M0192,T0897,2025-09-13 02:17,45,5
M0647,T0481,2025-12-04 09:39,30,1
M0965,T0477,2025-10-24 05:58,30,2
M0084,T0700,2025-10-26 17:45,180,1
M0176,T0235,2025-12-01 10:37,30,4
M0103,T0236,2025-09-03 22:14,120,5
M0930,T0276,2025-08-26 06:03,180,4
M0276,T0762,2025-10-19 19:54,180,3
M0932,T0972,2025-07-28 23:27,45,5
M0363,T0596,2025-11-03 21:06,30,1
M0673,T0109,2025-10-08 08:44,60,2
M0040,T0182,2025-12-11 20:20,90,1
M0299,T0471,2025-08-29 12:29,30,1
M0185,T0194,2025-10-25 15:58,90,5
M0028,T0271,2025-09-02 05:44,60,5
M0691,T0334,2025-12-07 06:56,60,1
M0897,T0626,2025-12-30 02:44,45,2
M0811,T0038,2025-09-01 07:59,180,2
M0657,T0207,2025-10-24 14:14,180,3
M0030,T0976,2025-08-15 04:55,30,4
M0658,T0964,2025-07-27 05:43,45,4
M0896,T0324,2025-08-31 19:05,180,2
M0049,T0391,2025-09-28 10:40,45,4
M0216,T0922,2025-08-31 04:25,60,4
M0666,T0240,2025-10-24 16:16,120,3
M0894,T0186,2025-11-18 04:06,90,5
M0783,T0303,2025-07-09 05:10,60,5
M0006,T0392,2025-09-24 08:17,45,1
M0564,T0028,2025-07-23 19:35,45,1
M0349,T0588,2025-10-04 22:20,60,1
M0895,T0274,2025-09-13 06:37,120,1
M0274,T0829,2025-07-28 21:15,180,5
M0443,T0419,2025-07-06 17:30,30,1
M0891,T0449,2025-07-29 15:02,60,2
M0781,T0382,2025-07-01 04:35,30,1
M0205,T0468,2025-10-04 05:16,30,4
M0969,T0468,2025-09-12 14:38,30,1
M0905,T0492,2025-10-20 06:58,30,4
M0210,T0179,2025-10-31 02:59,30,3
M0697,T0263,2025-12-30 22:27,90,2
M0811,T0166,2025-09-06 15:32,60,3
M0961,T0951,2025-12-09 11:39,30,5
M0126,T0216,2025-10-14 05:11,60,1
M0128,T0466,2025-09-23 01:50,90,1
M0280,T0745,2025-10-15 09:42,120,2
M0943,T0342,2025-12-30 09:03,30,3
M0644,T0601,2025-07-03 04:49,180,2
M0505,T0274,2025-12-21 04:01,30,1
M0253,T0420,2025-10-31 13:08,45,2
M0909,T0797,2025-11-06 14:48,90,4
M0089,T0571,2025-12-03 22:13,30,4
M0862,T0423,2025-08-05 16:37,45,2
M0182,T0285,2025-08-10 23:05,180,5
M0911,T0841,2025-09-24 01:28,90,4
M0283,T0619,2025-08-21 12:05,30,3
M0560,T0132,2025-10-07 18:08,60,5
M0602,T0098,2025-07-16 20:27,90,5
M0951,T0280,2025-11-20 19:48,180,2
M0732,T0171,2025-12-27 19:21,30,2
M0401,T0377,2025-08-26 18:49,45,5
M0496,T0433,2025-11-25 23:00,120,5
M0411,T0627,2025-10-31 05:58,120,5
M0570,T0419,2025-07-03 03:26,60,4
M0038,T0891,2025-09-09 09:04,90,2
M0245,T0472,2025-08-30 23:13,90,5
M0020,T0885,2025-09-01 15:47,180,2
M0230,T0605,2025-09-26 05:10,90,4
M0774,T0168,2025-12-24 01:07,90,1
M0446,T0580,2025-12-09 13:54,90,4
M0503,T0430,2025-08-29 05:10,90,4
M0410,T0639,2025-11-05 12:06,120,1
M0949,T0340,2025-11-06 03:25,120,1
M0868,T0502,2025-08-20 21:27,120,5
M0612,T0769,2025-07-01 02:54,120,1
M0693,T0253,2025-09-09 13:57,90,3
M0192,T0328,2025-07-11 11:19,45,5
M0766,T0846,2025-12-01 10:33,60,5
M0303,T0121,2025-07-01 02:35,90,2
M0095,T0831,2025-07-13 17:52,45,5
M0143,T0426,2025-12-20 08:17,120,1
M0876,T0289,2025-11-21 21:28,60,4
M0872,T0979,2025-09-28 04:51,90,3
M0422,T0481,2025-07-25 19:51,180,4
M0286,T0713,2025-10-15 16:00,60,4
M0657,T0698,2025-07-05 05:39,120,1
M0960,T0553,2025-12-03 08:28,30,5
M0125,T0239,2025-10-23 15:08,120,3
M0049,T0577,2025-10-05 15:46,90,2
M0123,T0637,2025-10-06 06:06,45,4
M0935,T0775,2025-11-23 12:10,120,1
M0161,T0575,2025-11-08 19:51,90,1
M0968,T0316,2025-11-06 09:18,60,1
M0502,T0871,2025-07-07 20:01,60,3
M0858,T0603,2025-09-08 09:22,90,2
M0731,T0522,2025-12-06 10:54,30,5
M0114,T0254,2025-12-07 12:53,120,1
M0178,T0302,2025-12-12 20:03,90,1
M0518,T0582,2025-10-26 05:04,180,4
M0545,T0371,2025-09-21 10:23,60,2
M0717,T0721,2025-12-25 18:00,90,1
M0408,T0174,2025-08-18 19:44,30,5
M0414,T0872,2025-12-27 23:19,60,5
M0779,T0739,2025-10-21 07:45,60,4
M0233,T0538,2025-10-03 05:50,60,5
M0475,T0033,2025-11-20 20:30,120,1
M0714,T0239,2025-10-31 22:28,180,3
M0818,T0322,2025-09-29 06:59,45,1
M0733,T0288,2025-08-05 22:14,30,5
M0360,T0911,2025-08-23 18:00,45,1
M0643,T0231,2025-08-04 01:38,60,2
M0416,T0539,2025-12-17 22:27,120,4
M0849,T0401,2025-10-28 03:17,90,5
M0678,T0161,2025-07-12 04:31,60,4
M0227,T0407,2025-07-12 08:34,120,2
M0002,T0518,2025-08-10 09:15,120,2
M0651,T0147,2025-12-11 00:11,90,1
M0168,T0704,2025-11-05 14:34,120,2
M0743,T0642,2025-11-21 00:18,60,4
M0167,T0668,2025-07-31 08:01,90,1
M0149,T0610,2025-07-27 02:34,45,1
M0631,T0703,2025-12-01 12:00,90,3
M0579,T0428,2025-09-28 02:34,45,2
M0317,T0420,2025-10-27 15:34,60,2
M0234,T0872,2025-08-02 19:43,180,1
M0724,T0259,2025-09-05 17:37,90,4
M0259,T0717,2025-11-26 15:52,120,5
M0206,T0046,2025-08-08 16:01,120,5
M0274,T0056,2025-07-16 00:33,120,2
M0439,T0879,2025-12-11 16:17,180,1
M0650,T0980,2025-07-31 20:29,120,5
M0107,T0749,2025-07-14 18:39,120,1
M0221,T0997,2025-07-10 08:19,90,2
M0900,T0748,2025-10-27 12:31,90,1
M0053,T0029,2025-11-26 00:42,90,5
M0363,T0743,2025-09-07 04:55,120,5
M0673,T0394,2025-07-07 05:43,120,4
M0716,T0219,2025-09-03 17:37,60,1
M0379,T0341,2025-07-20 00:41,90,2
M0176,T0202,2025-08-14 00:00,30,2
M0511,T0956,2025-10-27 07:05,120,5
M0426,T0847,2025-07-28 22:25,90,3
M0146,T0462,2025-09-19 19:39,90,3
M0403,T0729,2025-09-06 04:55,90,4
M0901,T0195,2025-10-25 02:54,90,2
M0577,T0043,2025-08-13 03:20,45,5
M0527,T0865,2025-08-03 22:22,45,3
M0715,T0966,2025-09-24 03:08,180,3
M0506,T0111,2025-12-18 13:33,120,4
M0528,T0691,2025-12-26 17:24,30,3
M0247,T0938,2025-08-16 01:42,120,2
M0097,T0056,2025-11-16 18:05,60,2
M0714,T0082,2025-08-31 14:48,120,3
M0035,T0466,2025-09-19 19:40,60,4
M0182,T0448,2025-07-28 23:45,60,4
M0515,T0004,2025-07-21 00:17,60,3
M0672,T0867,2025-08-08 09:43,60,5
M0286,T0381,2025-10-27 17:06,90,2
M0286,T0650,2025-11-26 11:59,180,3
M0278,T0378,2025-08-03 03:14,180,4
M0984,T0696,2025-08-10 12:38,45,5
M0664,T0473,2025-11-29 15:10,30,5
M0177,T0724,2025-10-08 09:05,30,1
M0172,T0565,2025-08-31 07:28,180,2
M0775,T0710,2025-07-07 03:47,120,2
M0311,T0125,2025-12-06 21:50,120,4
M0363,T0891,2025-09-30 01:37,45,1
M0039,T0776,2025-08-02 04:56,60,2
M0694,T0969,2025-12-30 11:40,180,3
M0992,T0356,2025-11-10 20:44,30,3
M0024,T0348,2025-10-30 11:41,120,5
M0359,T0753,2025-12-20 20:52,30,1
M0003,T0627,2025-09-26 04:17,60,3
M0085,T0791,2025-08-10 00:19,45,5
M0452,T0442,2025-12-27 01:08,120,3
M0426,T0409,2025-10-23 20:54,90,2
M0270,T0155,2025-09-22 15:25,90,2
M0126,T0219,2025-07-09 04:11,30,1
M0559,T0885,2025-11-25 00:06,30,4
M0407,T0356,2025-09-20 21:23,180,2
M0759,T0543,2025-09-07 13:04,30,3
M0366,T0742,2025-09-04 09:40,45,3
M0270,T0720,2025-07-08 00:53,90,5
M0456,T0958,2025-07-21 10:48,120,2
M0050,T0297,2025-07-25 01:29,60,5
M0772,T0866,2025-07-05 17:21,180,1
M0974,T0165,2025-12-04 21:12,45,4
M0548,T0446,2025-11-01 16:12,60,4
M0993,T0121,2025-08-22 12:13,30,4
M0862,T0195,2025-09-19 16:07,90,3
M0366,T0333,2025-11-24 04:06,180,5
M0179,T0051,2025-07-17 18:24,60,2
M0645,T0381,2025-11-25 01:32,45,1
M0263,T0284,2025-10-26 13:13,120,2
M0877,T0774,2025-08-25 16:14,30,5
M0778,T0768,2025-07-11 23:56,120,3
M0754,T0662,2025-08-03 16:08,60,1
M0062,T0234,2025-12-10 10:24,30,2
M0658,T0193,2025-12-09 03:14,90,1
M0272,T0595,2025-07-08 12:34,120,3
M0899,T0976,2025-12-02 09:19,120,5
M0315,T0061,2025-08-02 09:07,45,2
M0990,T0486,2025-11-03 12:00,30,5
M0441,T0227,2025-12-28 13:44,90,2
M0241,T0091,2025-08-05 16:52,90,1
M0440,T0832,2025-08-04 06:46,90,2
M0522,T0586,2025-08-05 15:21,180,3
M0302,T0823,2025-12-11 22:23,60,1
M0793,T0483,2025-09-28 05:43,180,1
M0444,T0252,2025-09-18 16:10,60,4
M0186,T0232,2025-12-10 14:36,30,2
M0341,T0766,2025-09-03 19:08,90,2
M0891,T0379,2025-11-29 18:49,90,1
M0677,T0009,2025-07-10 23:07,30,1
M0202,T0827,2025-12-27 09:22,120,1
M0522,T0417,2025-10-16 14:54,120,2
M0136,T0489,2025-11-05 18:02,120,2
M0791,T0314,2025-09-18 22:03,45,5
M0913,T0190,2025-09-08 00:30,60,2
M0559,T0622,2025-10-30 05:04,30,5
M0508,T0114,2025-07-11 11:53,120,3
M0165,T0544,2025-10-12 17:25,30,3
M0911,T0434,2025-08-02 21:19,30,1
M0519,T0425,2025-10-05 00:11,120,5
M0013,T0933,2025-09-15 05:20,45,1
M0655,T0838,2025-07-24 13:24,60,3
M0647,T0861,2025-11-14 21:20,180,5
M0163,T0108,2025-12-24 07:18,120,5
M0822,T0960,2025-09-22 10:37,180,2
M0724,T0280,2025-07-23 21:31,30,3
M0262,T0696,2025-12-18 14:41,45,5
M0375,T0446,2025-11-02 04:06,90,4
M0331,T0827,2025-07-02 14:47,45,2
M0261,T0184,2025-07-22 01:04,90,1
M0889,T0322,2025-09-26 11:42,60,5
M0744,T0235,2025-07-30 05:28,180,3
M0175,T0611,2025-11-30 21:49,45,5
M0021,T0233,2025-08-26 05:49,120,3
M0327,T0867,2025-10-10 05:57,30,1
M0821,T0862,2025-12-21 05:44,90,2
M0367,T0865,2025-07-25 16:18,180,5
M0466,T0196,2025-07-01 18:14,120,1
M0736,T0910,2025-12-01 02:50,120,5
M0783,T0562,2025-10-20 00:45,180,5
M0985,T0700,2025-12-16 19:21,180,1
M0854,T0264,2025-08-05 11:29,90,1
M0817,T0665,2025-08-06 14:44,45,5
M0430,T0153,2025-07-03 03:05,60,5
M0321,T0323,2025-09-23 13:31,120,1
M0538,T0184,2025-08-11 00:13,45,2
M0472,T0269,2025-07-12 20:33,90,1
M0519,T0192,2025-09-19 00:34,90,3
M0472,T0268,2025-07-08 21:00,30,2
M0022,T0081,2025-09-30 02:44,180,5
M0102,T0630,2025-11-25 18:15,90,1
M0729,T0012,2025-10-04 15:03,120,2
M0731,T0142,2025-11-09 17:24,120,1
M0915,T0413,2025-11-16 12:13,120,5
M0558,T0462,2025-09-14 00:04,30,4
M0599,T0456,2025-10-14 12:27,180,3
M0705,T0844,2025-07-15 07:06,60,5
M0719,T0844,2025-11-01 18:06,60,3
M0812,T0343,2025-11-12 12:09,45,2
M0612,T0721,2025-09-28 15:12,30,2
M0956,T0098,2025-11-04 02:29,60,1
M0243,T0670,2025-10-12 05:06,30,2
M0011,T0128,2025-11-26 03:22,60,4
M0638,T0486,2025-07-26 21:40,90,1
M0646,T0464,2025-09-05 14:11,45,2
M0192,T0289,2025-08-27 22:03,30,3
M0499,T0535,2025-12-23 14:03,45,5
M0032,T0412,2025-12-25 13:59,30,4
M0908,T0933,2025-09-11 17:36,60,5
M0041,T0591,2025-08-01 22:04,120,1
M0409,T0571,2025-07-13 10:24,30,2
M0593,T0498,2025-08-09 14:34,120,3
M0126,T0099,2025-12-14 13:09,45,5
M0990,T0686,2025-07-05 19:15,45,1
M0409,T0666,2025-12-19 16:39,90,3
M0186,T0226,2025-08-15 21:57,120,3
M0842,T0122,2025-07-31 22:57,60,5
M0344,T0406,2025-11-24 10:56,45,4
M0446,T0414,2025-08-20 13:06,180,5
M0079,T0744,2025-09-09 20:26,30,1
M0173,T0118,2025-07-13 20:44,90,1
M0690,T0011,2025-08-13 06:50,45,4
M0263,T0695,2025-10-30 17:30,120,3
M0326,T0801,2025-11-30 16:27,90,2
M0277,T0010,2025-09-03 19:17,45,2
M0848,T0143,2025-11-14 11:34,60,3
M0877,T0803,2025-08-09 09:09,45,1
M0143,T0108,2025-12-29 05:09,120,4
M0540,T0816,2025-08-24 02:20,45,4
M0551,T0242,2025-07-05 10:33,45,4
M0770,T0992,2025-12-18 19:48,45,5
M0701,T0879,2025-12-01 16:31,45,5
M0771,T0841,2025-11-28 16:24,45,3
M0731,T0472,2025-08-22 15:49,60,2
M0577,T0757,2025-10-01 20:46,60,1
M0429,T0613,2025-11-09 07:46,90,1
M0286,T0619,2025-07-28 02:53,60,5
M0326,T0686,2025-08-11 19:06,60,3
M0323,T0378,2025-12-20 17:48,120,1
M0230,T0972,2025-08-12 02:01,90,2
M0837,T0531,2025-11-01 13:43,90,1
M0629,T0591,2025-07-23 16:36,30,3
M0842,T0855,2025-11-04 19:04,30,2
M0521,T0181,2025-08-13 02:39,120,2
M0411,T0596,2025-09-04 18:31,30,2
M0126,T0533,2025-08-26 01:49,30,4
M0348,T0869,2025-08-29 01:18,90,3
M0860,T0833,2025-12-14 17:19,45,5
M0941,T0960,2025-10-13 04:40,90,5
M0045,T0343,2025-12-04 20:47,180,4
M0401,T0583,2025-09-17 14:36,30,4
M0341,T0262,2025-09-16 15:07,60,5
M0215,T0319,2025-10-17 22:56,180,3
M0783,T0354,2025-08-21 11:17,45,5
M0377,T0871,2025-09-18 06:56,90,4
M0987,T0675,2025-11-26 21:59,30,5
M0011,T0645,2025-07-04 09:40,60,2
M0212,T0425,2025-10-22 20:33,180,3
M0343,T0727,2025-11-16 13:56,30,4
M0628,T0479,2025-08-01 15:40,90,1
M0598,T0555,2025-09-23 05:52,180,3
M0250,T0844,2025-10-03 00:19,60,4
M0356,T0242,2025-10-08 11:37,120,1
M0770,T0474,2025-11-03 04:34,90,1
M0856,T0001,2025-08-22 18:56,180,3
M0090,T0053,2025-08-30 23:48,45,3
M0449,T0091,2025-08-09 22:08,30,4
M0633,T0187,2025-09-22 07:51,45,1
M0341,T0599,2025-08-11 16:55,180,4
M0992,T0412,2025-09-17 11:00,90,1
M0674,T0640,2025-10-23 21:51,60,4
M0283,T0656,2025-09-08 12:49,30,2
M0410,T0011,2025-08-28 09:14,180,5
M0019,T0234,2025-09-21 15:49,90,5
M0601,T0550,2025-09-23 03:36,30,2
M0765,T0197,2025-08-11 03:01,180,2
M0019,T0471,2025-07-14 21:20,120,3
M0428,T0953,2025-07-19 06:43,60,1
M0705,T0941,2025-09-08 00:37,90,4
M0053,T0396,2025-11-02 09:03,60,2
M0854,T0226,2025-10-01 19:53,60,5
M0859,T0119,2025-09-09 19:35,60,4
M0545,T0804,2025-08-17 11:39,60,3
M0318,T0089,2025-08-22 11:06,120,3
M0413,T0054,2025-07-10 08:44,30,5
M0792,T0790,2025-12-16 20:35,180,1
M0303,T0029,2025-09-12 04:16,60,4
M0100,T0920,2025-07-31 19:52,45,3
M0369,T0587,2025-07-29 17:32,30,5
M0246,T0764,2025-11-05 11:32,90,3
M0411,T0229,2025-12-15 19:16,60,3
M0449,T0842,2025-08-27 10:28,60,5
M0784,T0145,2025-08-17 11:52,120,4
M0751,T0262,2025-11-15 22:55,60,2
M0845,T0759,2025-10-11 17:54,60,5
M0348,T0872,2025-11-07 09:10,45,4
